"","Row.names","Endemic","Ecrins NP","Summits","Persistent","Under Ice","Plat de la Selle","Barre des Ecrins","La Meije","Sirac","Rouies","Olan","Pelvoux","Occidentale Ailefroide","Brevoort","Burlan","Rocher de la Selle","Choisy","Muraillette","Rateau","Lauvitel"
"1","Abies_alba","0",1,0,0,0,0,0,0,0,0,0,0,0,0,0,0,0,0,0,0
"2","Acer_campestre","0",1,0,0,0,0,0,0,0,0,0,0,0,0,0,0,0,0,0,0
"3","Acer_monspessulanum","0",1,0,0,0,0,0,0,0,0,0,0,0,0,0,0,0,0,0,0
"4","Acer_opalus","0",1,0,0,0,0,0,0,0,0,0,0,0,0,0,0,0,0,0,0
"5","Acer_platanoides","0",1,0,0,0,0,0,0,0,0,0,0,0,0,0,0,0,0,0,0
"6","Acer_pseudoplatanus","0",1,0,0,0,0,0,0,0,0,0,0,0,0,0,0,0,0,0,0
"7","Achillea_distans","0",1,0,0,0,0,0,0,0,0,0,0,0,0,0,0,0,0,0,0
"8","Achillea_millefolium","0",1,1,1,1,0,0,0,0,0,0,0,0,0,0,1,0,0,1,0
"9","Achillea_nobilis","0",1,0,0,0,0,0,0,0,0,0,0,0,0,0,0,0,0,0,0
"10","Achillea_roseo","0",1,0,0,0,0,0,0,0,0,0,0,0,0,0,0,0,0,0,0
"11","Achnatherum_calamagrostis","0",1,0,0,0,0,0,0,0,0,0,0,0,0,0,0,0,0,0,0
"12","Acinos_alpinus","0",1,1,1,0,0,0,0,0,0,0,0,0,0,0,1,0,0,1,0
"13","Aconitum_anthora","0",1,0,0,0,0,0,0,0,0,0,0,0,0,0,0,0,0,0,0
"14","Aconitum_laeve","0",1,0,0,0,0,0,0,0,0,0,0,0,0,0,0,0,0,0,0
"15","Aconitum_variegatum","1",1,0,0,0,0,0,0,0,0,0,0,0,0,0,0,0,0,0,0
"16","Actaea_spicata","0",1,0,0,0,0,0,0,0,0,0,0,0,0,0,0,0,0,0,0
"17","Adenostyles_alliariae","0",1,0,0,0,0,0,0,0,0,0,0,0,0,0,0,0,0,0,0
"18","Adenostyles_alpina","0",1,1,0,0,0,0,0,0,0,0,0,0,0,0,1,0,0,0,0
"19","Adenostyles_leucophylla","1",1,1,0,0,0,0,0,1,0,0,0,0,0,0,1,0,0,0,0
"20","Adonis_aestivalis","0",1,0,0,0,0,0,0,0,0,0,0,0,0,0,0,0,0,0,0
"21","Adoxa_moschatellina","0",1,0,0,0,0,0,0,0,0,0,0,0,0,0,0,0,0,0,0
"22","Aegopodium_podagraria","0",1,0,0,0,0,0,0,0,0,0,0,0,0,0,0,0,0,0,0
"23","Aethionema_saxatile","0",1,0,0,0,0,0,0,0,0,0,0,0,0,0,0,0,0,0,0
"24","Aethusa_cynapium","0",1,0,0,0,0,0,0,0,0,0,0,0,0,0,0,0,0,0,0
"25","Agrestis_alpina","0",1,1,1,0,0,0,1,1,0,0,0,0,1,0,1,0,1,1,1
"26","Agrestis_rupestris","0",1,1,1,1,1,1,1,1,1,1,0,1,0,0,1,0,0,1,1
"27","Agrimonia_eupatoria","0",1,0,0,0,0,0,0,0,0,0,0,0,0,0,0,0,0,0,0
"28","Agrostis_agrostiflora","0",1,1,1,1,0,0,0,1,0,0,0,0,0,0,1,0,0,1,0
"29","Agrostis_capillaris","0",1,1,0,1,0,0,0,0,0,0,0,0,0,0,0,0,0,1,0
"30","Agrostis_stolonifera","0",1,0,0,0,0,0,0,0,0,0,0,0,0,0,0,0,0,0,0
"31","Ajuga_chamaepitys","0",1,0,0,0,0,0,0,0,0,0,0,0,0,0,0,0,0,0,0
"32","Ajuga_genevensis","0",1,0,0,0,0,0,0,0,0,0,0,0,0,0,0,0,0,0,0
"33","Ajuga_pyramidalis","0",1,0,0,0,0,0,0,0,0,0,0,0,0,0,0,0,0,0,0
"34","Ajuga_reptans","0",1,0,0,0,0,0,0,0,0,0,0,0,0,0,0,0,0,0,0
"35","Alchemilla_alpina","0",1,1,1,1,1,0,1,1,1,1,0,0,0,0,1,0,0,1,1
"36","Alchemilla_baltica","0",1,1,1,0,0,0,0,1,0,0,0,0,0,0,0,0,0,0,1
"37","Alchemilla_conjuncta","0",1,0,0,0,0,0,0,0,0,0,0,0,0,0,0,0,0,0,0
"38","Alchemilla_connivens","0",1,0,0,0,0,0,0,0,0,0,0,0,0,0,0,0,0,0,0
"39","Alchemilla_fissa","0",1,1,1,0,0,0,0,1,0,0,0,0,0,0,0,0,1,1,1
"40","Alchemilla_flabellata","0",1,1,1,1,0,1,0,1,0,0,0,0,0,0,0,0,1,1,1
"41","Alchemilla_glabra","0",1,1,1,0,0,0,0,1,0,0,0,0,0,0,0,0,0,0,1
"42","Alchemilla_glaucescens","0",1,1,1,0,0,0,0,0,0,0,0,0,0,0,1,0,0,1,1
"43","Alchemilla_gracilis","0",1,0,0,0,0,0,0,0,0,0,0,0,0,0,0,0,0,0,0
"44","Alchemilla_incisa","0",1,1,0,0,0,0,0,0,0,0,0,0,0,0,1,0,0,0,0
"45","Alchemilla_monticola","0",1,0,0,0,0,0,0,0,0,0,0,0,0,0,0,0,0,0,0
"46","Alchemilla_NA","0",1,1,1,1,0,0,0,0,0,0,0,0,0,0,1,0,0,1,0
"47","Alchemilla_pentaphyllea","0",1,1,1,0,1,0,0,1,0,1,0,0,0,0,1,0,0,0,0
"48","Alchemilla_plicata","0",1,0,0,0,0,0,0,0,0,0,0,0,0,0,0,0,0,0,0
"49","Alchemilla_saxatilis","0",1,0,0,0,0,0,0,0,0,0,0,0,0,0,0,0,0,0,0
"50","Alchemilla_subcrenata","0",1,0,0,0,0,0,0,0,0,0,0,0,0,0,0,0,0,0,0
"51","Alchemilla_transiens","0",1,1,1,1,0,0,0,1,0,0,0,0,0,0,0,0,0,1,0
"52","Alchemilla_xanthochlora","0",1,1,0,1,0,0,0,0,0,0,0,0,0,0,0,0,0,1,0
"53","Alisma_plantago_aquatica","0",1,0,0,0,0,0,0,0,0,0,0,0,0,0,0,0,0,0,0
"54","Alliaria_petiolata","0",1,0,0,0,0,0,0,0,0,0,0,0,0,0,0,0,0,0,0
"55","Allium_lineare","0",1,0,0,0,0,0,0,0,0,0,0,0,0,0,0,0,0,0,0
"56","Allium_oleraceum","0",1,0,0,0,0,0,0,0,0,0,0,0,0,0,0,0,0,0,0
"57","Allium_schoenoprasum","0",1,0,0,0,0,0,0,0,0,0,0,0,0,0,0,0,0,0,0
"58","Allium_scorodoprasum","0",1,0,0,0,0,0,0,0,0,0,0,0,0,0,0,0,0,0,0
"59","Allium_senescens","0",1,0,0,0,0,0,0,0,0,0,0,0,0,0,0,0,0,0,0
"60","Allium_tauricum","0",1,0,0,0,0,0,0,0,0,0,0,0,0,0,0,0,0,0,0
"61","Allium_ursinum","0",1,0,0,0,0,0,0,0,0,0,0,0,0,0,0,0,0,0,0
"62","Allium_victorialis","0",1,0,0,0,0,0,0,0,0,0,0,0,0,0,0,0,0,0,0
"63","Alnus_glutinosa","0",1,0,0,0,0,0,0,0,0,0,0,0,0,0,0,0,0,0,0
"64","Alnus_incana","0",1,0,0,0,0,0,0,0,0,0,0,0,0,0,0,0,0,0,0
"65","Alnus_viridis","0",1,0,0,0,0,0,0,0,0,0,0,0,0,0,0,0,0,0,0
"66","Alopecurus_magellanicus","0",1,1,1,0,0,0,0,1,0,0,0,0,0,0,0,0,1,0,0
"67","Alopecurus_myosuroides","0",1,0,0,0,0,0,0,0,0,0,0,0,0,0,0,0,0,0,0
"68","Alsinanthus_biflorus","0",1,1,1,0,0,0,0,0,0,1,0,0,0,0,0,0,0,0,0
"69","Alyssoides_utriculata","0",1,0,0,0,0,0,0,0,0,0,0,0,0,0,0,0,0,0,0
"70","Alyssum_alpestre","1",1,0,0,0,0,0,0,0,0,0,0,0,0,0,0,0,0,0,0
"71","Alyssum_alyssoides","0",1,0,0,0,0,0,0,0,0,0,0,0,0,0,0,0,0,0,0
"72","Amelanchier_ovalis","0",1,0,0,0,0,0,0,0,0,0,0,0,0,0,0,0,0,0,0
"73","Amygdalus_communis","0",1,0,0,0,0,0,0,0,0,0,0,0,0,0,0,0,0,0,0
"74","Androrchis_pallens","0",1,0,0,0,0,0,0,0,0,0,0,0,0,0,0,0,0,0,0
"75","Androsace_carnea","1",1,1,0,0,0,0,0,0,0,1,0,0,0,0,1,0,0,0,0
"76","Androsace_helvetica","0",1,0,0,0,0,0,0,0,0,0,0,0,0,0,0,0,0,0,0
"77","Androsace_maxima","0",1,0,0,0,0,0,0,0,0,0,0,0,0,0,0,0,0,0,0
"78","Androsace_obtusifolia","0",1,1,1,0,0,0,0,0,0,0,0,0,0,0,1,0,1,0,1
"79","Androsace_vandellii","0",1,1,1,0,0,0,1,0,1,0,0,0,0,0,0,0,0,1,0
"80","Androsace_vitaliana","1",1,1,1,1,0,0,0,1,0,0,0,0,0,0,0,0,0,1,0
"81","Anemone_narcissiflora","0",1,0,0,0,0,0,0,0,0,0,0,0,0,0,0,0,0,0,0
"82","Anemonoides_baldensis","0",1,1,1,0,0,0,0,0,0,0,0,0,0,0,1,0,0,0,1
"83","Anemonoides_ranunculoides","0",1,0,0,0,0,0,0,0,0,0,0,0,0,0,0,0,0,0,0
"84","Angelica_sylvestris","0",1,0,0,0,0,0,0,0,0,0,0,0,0,0,0,0,0,0,0
"85","Antennaria_carpatica","0",1,1,1,1,0,1,0,0,0,0,0,1,0,0,1,0,0,0,0
"86","Antennaria_dioica","0",1,1,1,1,0,0,0,1,0,0,1,0,0,0,1,0,1,1,0
"87","Anthericum_liliago","0",1,0,0,0,0,0,0,0,0,0,0,0,0,0,0,0,0,0,0
"88","Anthoxanthum_odoratum","0",1,1,1,1,1,1,0,1,0,1,1,0,0,0,1,0,0,1,1
"89","Anthriscus_sylvestris","0",1,0,0,0,0,0,0,0,0,0,0,0,0,0,0,0,0,0,0
"90","Anthyllis_montana","0",1,0,0,0,0,0,0,0,0,0,0,0,0,0,0,0,0,0,0
"91","Anthyllis_vulneraria","1",1,0,0,0,0,0,0,0,0,0,0,0,0,0,0,0,0,0,0
"92","Antirrhinum_majus","0",1,0,0,0,0,0,0,0,0,0,0,0,0,0,0,0,0,0,0
"93","Aquilegia_vulgaris","1",1,0,0,0,0,0,0,0,0,0,0,0,0,0,0,0,0,0,0
"94","Arabidopsis_thaliana","0",1,0,0,0,0,0,0,0,0,0,0,0,0,0,0,0,0,0,0
"95","Arabis_allionii","1",1,0,0,0,0,0,0,0,0,0,0,0,0,0,0,0,0,0,0
"96","Arabis_alpina","0",1,1,1,1,0,0,1,1,1,1,0,0,0,0,1,0,0,1,1
"97","Arabis_auriculata","0",1,0,0,0,0,0,0,0,0,0,0,0,0,0,0,0,0,0,0
"98","Arabis_caerulea","1",1,0,0,0,0,0,0,0,0,0,0,0,0,0,0,0,0,0,0
"99","Arabis_ciliata","0",1,0,0,0,0,0,0,0,0,0,0,0,0,0,0,0,0,0,0
"100","Arabis_collina","0",1,0,0,0,0,0,0,0,0,0,0,0,0,0,0,0,0,0,0
"101","Arabis_hirsuta","0",1,0,0,0,0,0,0,0,0,0,0,0,0,0,0,0,0,0,0
"102","Arabis_nova","0",1,0,0,0,0,0,0,0,0,0,0,0,0,0,0,0,0,0,0
"103","Arabis_sagittata","0",1,0,0,0,0,0,0,0,0,0,0,0,0,0,0,0,0,0,0
"104","Arabis_soyeri","1",1,0,0,0,0,0,0,0,0,0,0,0,0,0,0,0,0,0,0
"105","Arctium_minus","0",1,0,0,0,0,0,0,0,0,0,0,0,0,0,0,0,0,0,0
"106","Arctium_nemorosum","0",1,0,0,0,0,0,0,0,0,0,0,0,0,0,0,0,0,0,0
"107","Arctostaphylos_uva_ursi","0",1,0,0,0,0,0,0,0,0,0,0,0,0,0,0,0,0,0,0
"108","Arenaria_gothica","0",1,0,0,0,0,0,0,0,0,0,0,0,0,0,0,0,0,0,0
"109","Arenaria_serpyllifolia","0",1,0,0,0,0,0,0,0,0,0,0,0,0,0,0,0,0,0,0
"110","Aretia_pubescens","1",1,1,1,1,1,1,1,1,1,0,0,1,1,0,1,1,0,0,0
"111","Armeria_alpina","0",1,1,1,0,0,0,0,0,0,1,0,0,0,0,1,0,1,0,1
"112","Armeria_arenaria","0",1,1,0,0,0,0,0,0,0,0,0,0,0,0,1,0,0,0,0
"113","Arnica_montana","0",1,0,0,0,0,0,0,0,0,0,0,0,0,0,0,0,0,0,0
"114","Arrhenatherum_elatius","0",1,0,0,0,0,0,0,0,0,0,0,0,0,0,0,0,0,0,0
"115","Arrhenatherum_parlatorei","1",1,0,0,0,0,0,0,0,0,0,0,0,0,0,0,0,0,0,0
"116","Artemisia_absinthium","0",1,0,0,0,0,0,0,0,0,0,0,0,0,0,0,0,0,0,0
"117","Artemisia_alba","0",1,0,0,0,0,0,0,0,0,0,0,0,0,0,0,0,0,0,0
"118","Artemisia_atrata","1",1,0,0,0,0,0,0,0,0,0,0,0,0,0,0,0,0,0,0
"119","Artemisia_campestris","1",1,0,0,0,0,0,0,0,0,0,0,0,0,0,0,0,0,0,0
"120","Artemisia_genipi","1",1,1,1,1,0,0,0,1,1,0,0,1,0,0,0,0,0,0,0
"121","Artemisia_umbelliformis","0",1,1,1,1,0,0,1,0,1,1,0,1,1,1,1,1,1,1,1
"122","Artemisia_vulgaris","0",1,0,0,0,0,0,0,0,0,0,0,0,0,0,0,0,0,0,0
"123","Arum_maculatum","0",1,0,0,0,0,0,0,0,0,0,0,0,0,0,0,0,0,0,0
"124","Aruncus_dioicus","0",1,0,0,0,0,0,0,0,0,0,0,0,0,0,0,0,0,0,0
"125","Asarum_europaeum","0",1,0,0,0,0,0,0,0,0,0,0,0,0,0,0,0,0,0,0
"126","Asparagus_tenuifolius","0",1,0,0,0,0,0,0,0,0,0,0,0,0,0,0,0,0,0,0
"127","Asperugo_procumbens","0",1,0,0,0,0,0,0,0,0,0,0,0,0,0,0,0,0,0,0
"128","Asperula_cynanchica","1",1,0,0,0,0,0,0,0,0,0,0,0,0,0,0,0,0,0,0
"129","Asphodelus_albus","0",1,0,0,0,0,0,0,0,0,0,0,0,0,0,0,0,0,0,0
"130","Asphodelus_macrocarpus","0",1,0,0,0,0,0,0,0,0,0,0,0,0,0,0,0,0,0,0
"131","Asplenium_adiantum_nigrum","0",1,1,0,1,0,0,0,0,0,0,0,0,0,0,0,0,0,1,0
"132","Asplenium_ceterach","0",1,0,0,0,0,0,0,0,0,0,0,0,0,0,0,0,0,0,0
"133","Asplenium_exiguum","0",1,0,0,0,0,0,0,0,0,0,0,0,0,0,0,0,0,0,0
"134","Asplenium_ramosum","0",1,1,1,0,0,0,0,0,0,0,0,0,0,0,1,0,0,0,1
"135","Asplenium_ruta_muraria","0",1,0,0,0,0,0,0,0,0,0,0,0,0,0,0,0,0,0,0
"136","Asplenium_septentrionale","0",1,1,1,0,0,0,0,1,0,0,0,0,0,0,0,0,0,0,0
"137","Asplenium_trichomanes","0",1,1,1,1,0,0,0,0,0,0,0,0,0,0,0,0,0,1,0
"138","Asplenium_viride","0",1,0,0,0,0,0,0,0,0,0,0,0,0,0,0,0,0,0,0
"139","Aster_alpinus","0",1,1,1,0,0,0,0,0,0,0,0,0,0,0,1,0,1,0,0
"140","Astragalus_alpinus","0",1,1,1,0,0,0,0,0,0,0,0,0,0,0,1,0,1,0,1
"141","Astragalus_australis","1",1,1,1,0,0,0,0,0,0,0,0,0,0,0,1,0,0,0,1
"142","Astragalus_austriacus","0",1,0,0,0,0,0,0,0,0,0,0,0,0,0,0,0,0,0,0
"143","Astragalus_cicer","0",1,0,0,0,0,0,0,0,0,0,0,0,0,0,0,0,0,0,0
"144","Astragalus_danicus","0",1,0,0,0,0,0,0,0,0,0,0,0,0,0,0,0,0,0,0
"145","Astragalus_depressus","0",1,1,0,0,0,0,0,0,0,0,0,0,0,0,0,0,0,0,1
"146","Astragalus_glycyphyllos","0",1,0,0,0,0,0,0,0,0,0,0,0,0,0,0,0,0,0,0
"147","Astragalus_monspessulanus","0",1,0,0,0,0,0,0,0,0,0,0,0,0,0,0,0,0,0,0
"148","Astragalus_onobrychis","0",1,0,0,0,0,0,0,0,0,0,0,0,0,0,0,0,0,0,0
"149","Astragalus_penduliflorus","0",1,0,0,0,0,0,0,0,0,0,0,0,0,0,0,0,0,0,0
"150","Astragalus_sempervirens","1",1,0,0,0,0,0,0,0,0,0,0,0,0,0,0,0,0,0,0
"151","Astragalus_stella","0",1,0,0,0,0,0,0,0,0,0,0,0,0,0,0,0,0,0,0
"152","Astragalus_vesicarius","1",1,0,0,0,0,0,0,0,0,0,0,0,0,0,0,0,0,0,0
"153","Astrantia_major","0",1,1,0,1,0,0,0,0,0,0,0,1,0,0,0,0,0,0,0
"154","Athamanta_cretensis","0",1,1,1,0,0,0,0,0,0,1,0,0,0,0,1,0,0,0,0
"155","Athyrium_alpestre","0",1,0,0,0,0,0,0,0,0,0,0,0,0,0,0,0,0,0,0
"156","Athyrium_filix_femina","0",1,0,0,0,0,0,0,0,0,0,0,0,0,0,0,0,0,0,0
"157","Atocion_rupestre","0",1,1,1,0,0,0,1,1,0,0,0,0,0,0,1,0,0,0,1
"158","Atragene_alpina","0",1,0,0,0,0,0,0,0,0,0,0,0,0,0,0,0,0,0,0
"159","Atropa_belladonna","0",1,0,0,0,0,0,0,0,0,0,0,0,0,0,0,0,0,0,0
"160","Aucuba_NA","0",1,0,0,0,0,0,0,0,0,0,0,0,0,0,0,0,0,0,0
"161","Barbarea_intermedia","0",1,0,0,0,0,0,0,0,0,0,0,0,0,0,0,0,0,0,0
"162","Barbarea_vulgaris","0",1,0,0,0,0,0,0,0,0,0,0,0,0,0,0,0,0,0,0
"163","Bartsia_alpina","0",1,1,0,1,0,0,0,0,0,0,0,0,0,0,1,0,0,1,0
"164","Bellardiochloa_variegata","0",1,0,0,0,0,0,0,0,0,0,0,0,0,0,0,0,0,0,0
"165","Bellidiastrum_michelii","0",1,0,0,0,0,0,0,0,0,0,0,0,0,0,0,0,0,0,0
"166","Berardia_subacaulis","1",1,1,1,0,0,0,0,1,0,0,0,0,0,0,1,0,0,0,0
"167","Berberis_vulgaris","0",1,0,0,0,0,0,0,0,0,0,0,0,0,0,0,0,0,0,0
"168","Betonica_officinalis","0",1,0,0,0,0,0,0,0,0,0,0,0,0,0,0,0,0,0,0
"169","Betula_pendula","0",1,0,0,0,0,0,0,0,0,0,0,0,0,0,0,0,0,0,0
"170","Betula_pubescens","0",1,0,0,0,0,0,0,0,0,0,0,0,0,0,0,0,0,0,0
"171","Biscutella_laevigata","1",1,0,0,0,0,0,0,0,0,0,0,0,0,0,0,0,0,0,0
"172","Bistorta_officinalis","0",1,0,0,0,0,0,0,0,0,0,0,0,0,0,0,0,0,0,0
"173","Bistorta_vivipara","0",1,1,1,1,0,0,0,1,0,1,0,1,0,0,1,0,1,0,1
"174","Bitteria_digitata","0",1,0,0,0,0,0,0,0,0,0,0,0,0,0,0,0,0,0,0
"175","Blackstonia_perfoliata","0",1,0,0,0,0,0,0,0,0,0,0,0,0,0,0,0,0,0,0
"176","Blechnum_spicant","0",1,0,0,0,0,0,0,0,0,0,0,0,0,0,0,0,0,0,0
"177","Blysmus_compressus","0",1,0,0,0,0,0,0,0,0,0,0,0,0,0,0,0,0,0,0
"178","Bombycilaena_erecta","0",1,0,0,0,0,0,0,0,0,0,0,0,0,0,0,0,0,0,0
"179","Bothriochloa_ischaemum","0",1,0,0,0,0,0,0,0,0,0,0,0,0,0,0,0,0,0,0
"180","Botrychium_lunaria","0",1,1,1,0,0,0,0,1,0,1,0,0,0,0,1,0,0,1,1
"181","Botrychium_NA","0",1,0,0,0,0,0,0,0,0,0,0,0,0,0,0,0,0,0,0
"182","Brachypodium_pinnatum","0",1,0,0,0,0,0,0,0,0,0,0,0,0,0,0,0,0,0,0
"183","Brachypodium_rupestre","0",1,0,0,0,0,0,0,0,0,0,0,0,0,0,0,0,0,0,0
"184","Brachypodium_sylvaticum","0",1,0,0,0,0,0,0,0,0,0,0,0,0,0,0,0,0,0,0
"185","Brassica_repanda","1",1,0,0,0,0,0,0,0,0,0,0,0,0,0,0,0,0,0,0
"186","Briza_media","0",1,0,0,0,0,0,0,0,0,0,0,0,0,0,0,0,0,0,0
"187","Bromus_benekenii","0",1,0,0,0,0,0,0,0,0,0,0,0,0,0,0,0,0,0,0
"188","Bromus_erectus","0",1,0,0,0,0,0,0,0,0,0,0,0,0,0,0,0,0,0,0
"189","Bromus_hordeaceus","0",1,0,0,0,0,0,0,0,0,0,0,0,0,0,0,0,0,0,0
"190","Bromus_inermis","0",1,0,0,0,0,0,0,0,0,0,0,0,0,0,0,0,0,0,0
"191","Bromus_squarrosus","0",1,0,0,0,0,0,0,0,0,0,0,0,0,0,0,0,0,0,0
"192","Bromus_sterilis","0",1,0,0,0,0,0,0,0,0,0,0,0,0,0,0,0,0,0,0
"193","Bromus_tectorum","0",1,0,0,0,0,0,0,0,0,0,0,0,0,0,0,0,0,0,0
"194","Bryonia_cretica","0",1,0,0,0,0,0,0,0,0,0,0,0,0,0,0,0,0,0,0
"195","Buddleja_davidii","0",1,0,0,0,0,0,0,0,0,0,0,0,0,0,0,0,0,0,0
"196","Buglossoides_arvensis","0",1,0,0,0,0,0,0,0,0,0,0,0,0,0,0,0,0,0,0
"197","Buglossoides_incrassata","0",1,0,0,0,0,0,0,0,0,0,0,0,0,0,0,0,0,0,0
"198","Bunias_orientalis","0",1,0,0,0,0,0,0,0,0,0,0,0,0,0,0,0,0,0,0
"199","Bunium_bulbocastanum","0",1,0,0,0,0,0,0,0,0,0,0,0,0,0,0,0,0,0,0
"200","Buphthalmum_salicifolium","0",1,0,0,0,0,0,0,0,0,0,0,0,0,0,0,0,0,0,0
"201","Bupleurum_falcatum","1",1,0,0,0,0,0,0,0,0,0,0,0,0,0,0,0,0,0,0
"202","Bupleurum_petraeum","1",1,0,0,0,0,0,0,0,0,0,0,0,0,0,0,0,0,0,0
"203","Bupleurum_ranunculoides","0",1,0,0,0,0,0,0,0,0,0,0,0,0,0,0,0,0,0,0
"204","Bupleurum_rotundifolium","0",1,0,0,0,0,0,0,0,0,0,0,0,0,0,0,0,0,0,0
"205","Bupleurum_stellatum","0",1,1,1,0,0,0,0,1,0,1,1,0,0,0,1,0,0,0,0
"206","Buxus_sempervirens","0",1,0,0,0,0,0,0,0,0,0,0,0,0,0,0,0,0,0,0
"207","Cacalia_alliariae","0",1,1,1,0,0,0,0,0,0,0,0,0,0,0,0,0,0,0,1
"208","Cacalia_alpina","0",1,1,1,0,0,0,0,0,0,1,0,0,0,0,0,0,0,0,0
"209","Cacalia_leucophylla","0",1,1,1,1,1,1,1,0,1,1,0,1,0,1,1,0,1,1,1
"210","Calamagrostis_epigejos","0",1,0,0,0,0,0,0,0,0,0,0,0,0,0,0,0,0,0,0
"211","Calamagrostis_pseudophragmites","0",1,0,0,0,0,0,0,0,0,0,0,0,0,0,0,0,0,0,0
"212","Calamagrostis_schraderiana","0",1,0,0,0,0,0,0,0,0,0,0,0,0,0,0,0,0,0,0
"213","Calamagrostis_varia","0",1,0,0,0,0,0,0,0,0,0,0,0,0,0,0,0,0,0,0
"214","Calamagrostis_villosa","0",1,0,0,0,0,0,0,0,0,0,0,0,0,0,0,0,0,0,0
"215","Calathiana_bavarica","1",1,0,0,0,0,0,0,0,0,0,0,0,0,0,0,0,0,0,0
"216","Calathiana_brachyphylla","0",1,1,1,0,0,0,0,0,0,1,0,0,0,0,1,0,1,0,1
"217","Calathiana_orbicularis","0",1,1,0,0,0,0,0,0,0,0,0,0,0,0,1,0,0,0,1
"218","Calathiana_verna","0",1,1,0,0,0,0,0,0,0,0,0,0,0,0,1,0,0,0,0
"219","Callianthemum_coriandrifolium","0",1,1,1,0,0,0,0,0,0,0,0,0,0,0,0,0,0,0,1
"220","Calluna_vulgaris","0",1,0,0,0,0,0,0,0,0,0,0,0,0,0,0,0,0,0,0
"221","Caltha_palustris","0",1,0,0,0,0,0,0,0,0,0,0,0,0,0,0,0,0,0,0
"222","Calystegia_sepium","0",1,0,0,0,0,0,0,0,0,0,0,0,0,0,0,0,0,0,0
"223","Camelina_microcarpa","0",1,0,0,0,0,0,0,0,0,0,0,0,0,0,0,0,0,0,0
"224","Campanula_alpestris","1",1,1,0,0,0,0,0,0,0,0,0,0,0,0,1,0,0,0,0
"225","Campanula_cenisia","1",1,1,1,1,0,0,0,1,1,0,0,0,0,1,1,0,1,0,1
"226","Campanula_glomerata","0",1,0,0,0,0,0,0,0,0,0,0,0,0,0,0,0,0,0,0
"227","Campanula_latifolia","0",1,0,0,0,0,0,0,0,0,0,0,0,0,0,0,0,0,0,0
"228","Campanula_linifolia","0",1,1,1,1,1,1,1,1,1,0,0,1,0,1,1,0,0,1,1
"229","Campanula_NA","0",1,0,0,0,0,0,0,0,0,0,0,0,0,0,0,0,0,0,0
"230","Campanula_patula","0",1,0,0,0,0,0,0,0,0,0,0,0,0,0,0,0,0,0,0
"231","Campanula_persicifolia","0",1,0,0,0,0,0,0,0,0,0,0,0,0,0,0,0,0,0,0
"232","Campanula_rapunculoides","0",1,0,0,0,0,0,0,0,0,0,0,0,0,0,0,0,0,0,0
"233","Campanula_rhomboidalis","1",1,1,1,0,0,0,0,0,0,0,0,0,0,0,1,0,0,0,0
"234","Campanula_rotundifolia","1",1,1,1,1,0,0,1,1,1,0,0,0,0,1,1,0,1,1,1
"235","Campanula_spicata","0",1,0,0,0,0,0,0,0,0,0,0,0,0,0,0,0,0,0,0
"236","Campanula_trachelium","0",1,0,0,0,0,0,0,0,0,0,0,0,0,0,0,0,0,0,0
"237","Capsella_bursa_pastoris","0",1,1,1,0,0,0,0,1,0,0,0,0,0,0,0,0,0,1,0
"238","Cardamine_alpina","0",1,1,0,0,0,0,1,1,0,0,0,0,0,0,0,0,0,0,0
"239","Cardamine_bellidifolia","0",1,1,1,1,0,0,1,0,0,0,0,0,0,0,1,0,0,1,0
"240","Cardamine_heptaphylla","0",1,0,0,0,0,0,0,0,0,0,0,0,0,0,0,0,0,0,0
"241","Cardamine_hirsuta","0",1,0,0,0,0,0,0,0,0,0,0,0,0,0,0,0,0,0,0
"242","Cardamine_impatiens","0",1,0,0,0,0,0,0,0,0,0,0,0,0,0,0,0,0,0,0
"243","Cardamine_pentaphyllos","0",1,0,0,0,0,0,0,0,0,0,0,0,0,0,0,0,0,0,0
"244","Cardamine_resedifolia","0",1,1,1,1,1,0,1,0,1,1,0,0,0,0,1,1,0,1,0
"245","Carduus_acanthoides","0",1,0,0,0,0,0,0,0,0,0,0,0,0,0,0,0,0,0,0
"246","Carduus_carlinifolius","0",1,1,0,0,0,0,0,0,0,0,0,0,0,0,1,0,0,0,0
"247","Carduus_defloratus","1",1,1,0,0,0,0,0,0,0,0,0,0,0,0,1,0,0,0,0
"248","Carduus_medius","0",1,1,1,1,0,0,0,0,0,0,0,0,0,0,1,0,0,1,0
"249","Carduus_nutans","1",1,0,0,0,0,0,0,0,0,0,0,0,0,0,0,0,0,0,0
"250","Carduus_personata","0",1,0,0,0,0,0,0,0,0,0,0,0,0,0,0,0,0,0,0
"251","Carex_acutiformis","0",1,0,0,0,0,0,0,0,0,0,0,0,0,0,0,0,0,0,0
"252","Carex_alba","0",1,0,0,0,0,0,0,0,0,0,0,0,0,0,0,0,0,0,0
"253","Carex_atrata","0",1,1,1,1,0,1,0,0,0,0,0,1,0,0,1,0,1,1,1
"254","Carex_bicolor","0",1,1,0,1,0,0,0,0,0,0,0,0,0,0,0,0,0,1,0
"255","Carex_capillaris","0",1,0,0,0,0,0,0,0,0,0,0,0,0,0,0,0,0,0,0
"256","Carex_caryophyllea","0",1,0,0,0,0,0,0,0,0,0,0,0,0,0,0,0,0,0,0
"257","Carex_cespitosa","0",1,0,0,0,0,0,0,0,0,0,0,0,0,0,0,0,0,0,0
"258","Carex_chillanensis","0",1,0,0,0,0,0,0,0,0,0,0,0,0,0,0,0,0,0,0
"259","Carex_davalliana","0",1,0,0,0,0,0,0,0,0,0,0,0,0,0,0,0,0,0,0
"260","Carex_digitata","0",1,1,1,0,0,0,0,0,0,0,0,0,0,0,0,0,1,0,0
"261","Carex_echinata","0",1,0,0,0,0,0,0,0,0,0,0,0,0,0,0,0,0,0,0
"262","Carex_ferruginea","0",1,1,1,1,1,1,0,1,0,1,0,1,0,1,1,0,1,1,1
"263","Carex_flacca","0",1,0,0,0,0,0,0,0,0,0,0,0,0,0,0,0,0,0,0
"264","Carex_flava","0",1,0,0,0,0,0,0,0,0,0,0,0,0,0,0,0,0,0,0
"265","Carex_foetida","0",1,1,1,0,1,0,0,1,0,0,0,0,0,0,1,0,1,0,1
"266","Carex_frigida","0",1,1,1,1,0,0,0,1,1,0,0,0,0,0,1,0,0,1,0
"267","Carex_hirta","0",1,0,0,0,0,0,0,0,0,0,0,0,0,0,0,0,0,0,0
"268","Carex_hordeistichos","0",1,0,0,0,0,0,0,0,0,0,0,0,0,0,0,0,0,0,0
"269","Carex_hostiana","0",1,0,0,0,0,0,0,0,0,0,0,0,0,0,0,0,0,0,0
"270","Carex_humilis","0",1,0,0,0,0,0,0,0,0,0,0,0,0,0,0,0,0,0,0
"271","Carex_liparocarpos","0",1,0,0,0,0,0,0,0,0,0,0,0,0,0,0,0,0,0,0
"272","Carex_macloviana","0",1,0,0,0,0,0,0,0,0,0,0,0,0,0,0,0,0,0,0
"273","Carex_montana","0",1,0,0,0,0,0,0,0,0,0,0,0,0,0,0,0,0,0,0
"274","Carex_muricata","0",1,0,0,0,0,0,0,0,0,0,0,0,0,0,0,0,0,0,0
"275","Carex_NA","0",1,0,0,0,0,0,0,0,0,0,0,0,0,0,0,0,0,0,0
"276","Carex_pallescens","0",1,0,0,0,0,0,0,0,0,0,0,0,0,0,0,0,0,0,0
"277","Carex_panicea","0",1,0,0,0,0,0,0,0,0,0,0,0,0,0,0,0,0,0,0
"278","Carex_planostachys","0",1,0,0,0,0,0,0,0,0,0,0,0,0,0,0,0,0,0,0
"279","Carex_rostrata","0",1,0,0,0,0,0,0,0,0,0,0,0,0,0,0,0,0,0,0
"280","Carex_rupestris","0",1,1,0,1,0,0,0,0,0,0,0,0,0,0,0,0,0,1,0
"281","Carex_spicata","0",1,0,0,0,0,0,0,0,0,0,0,0,0,0,0,0,0,0,0
"282","Carex_sylvatica","0",1,0,0,0,0,0,0,0,0,0,0,0,0,0,0,0,0,0,0
"283","Carex_vesicaria","0",1,0,0,0,0,0,0,0,0,0,0,0,0,0,0,0,0,0,0
"284","Carex_viridula","0",1,0,0,0,0,0,0,0,0,0,0,0,0,0,0,0,0,0,0
"285","Carex_vulpina","0",1,0,0,0,0,0,0,0,0,0,0,0,0,0,0,0,0,0,0
"286","Carlina_acanthifolia","0",1,0,0,0,0,0,0,0,0,0,0,0,0,0,0,0,0,0,0
"287","Carlina_acaulis","0",1,1,0,0,0,0,0,0,0,0,0,0,0,0,1,0,0,0,0
"288","Carlina_biebersteinii","0",1,0,0,0,0,0,0,0,0,0,0,0,0,0,0,0,0,0,0
"289","Carlina_vulgaris","0",1,0,0,0,0,0,0,0,0,0,0,0,0,0,0,0,0,0,0
"290","Carum_carvi","0",1,0,0,0,0,0,0,0,0,0,0,0,0,0,0,0,0,0,0
"291","Cassida_alpina","0",1,1,1,1,0,0,0,0,0,0,0,0,0,0,1,0,0,1,0
"292","Catananche_caerulea","0",1,0,0,0,0,0,0,0,0,0,0,0,0,0,0,0,0,0,0
"293","Caucalis_platycarpos","0",1,0,0,0,0,0,0,0,0,0,0,0,0,0,0,0,0,0,0
"294","Cedrus_atlantica","0",1,0,0,0,0,0,0,0,0,0,0,0,0,0,0,0,0,0,0
"295","Centaurea_jacea","0",1,0,0,0,0,0,0,0,0,0,0,0,0,0,0,0,0,0,0
"296","Centaurea_NA","1",1,0,0,0,0,0,0,0,0,0,0,0,0,0,0,0,0,0,0
"297","Centaurea_scabiosa","0",1,0,0,0,0,0,0,0,0,0,0,0,0,0,0,0,0,0,0
"298","Centaurea_solstitialis","0",1,0,0,0,0,0,0,0,0,0,0,0,0,0,0,0,0,0,0
"299","Centaurea_stoebe","0",1,0,0,0,0,0,0,0,0,0,0,0,0,0,0,0,0,0,0
"300","Centaurea_uniflora","1",1,1,1,0,0,0,0,0,0,0,0,0,0,0,1,0,0,0,0
"301","Centaurium_erythraea","0",1,0,0,0,0,0,0,0,0,0,0,0,0,0,0,0,0,0,0
"302","Centranthus_angustifolius","0",1,0,0,0,0,0,0,0,0,0,0,0,0,0,0,0,0,0,0
"303","Centranthus_calcitrapae","0",1,0,0,0,0,0,0,0,0,0,0,0,0,0,0,0,0,0,0
"304","Cephalanthera_damasonium","0",1,0,0,0,0,0,0,0,0,0,0,0,0,0,0,0,0,0,0
"305","Cephalanthera_longifolia","0",1,0,0,0,0,0,0,0,0,0,0,0,0,0,0,0,0,0,0
"306","Cephalaria_alpina","1",1,0,0,0,0,0,0,0,0,0,0,0,0,0,0,0,0,0,0
"307","Cerastium_alpinum","0",1,1,1,0,0,0,0,0,1,0,0,0,0,0,1,0,0,0,1
"308","Cerastium_arvense","1",1,1,1,1,0,1,0,1,0,0,0,0,0,0,1,0,0,1,1
"309","Cerastium_cerastoides","0",1,1,1,0,0,0,0,0,0,0,0,0,0,0,1,0,1,0,1
"310","Cerastium_fontanum","0",1,0,0,0,0,0,0,0,0,0,0,0,0,0,0,0,0,0,0
"311","Cerastium_latifolium","0",1,1,1,0,0,0,0,0,0,0,0,0,0,0,1,0,0,0,1
"312","Cerastium_pedunculatum","1",1,1,1,1,0,1,1,0,1,1,0,1,0,0,1,0,1,1,1
"313","Cerastium_pumilum","0",1,0,0,0,0,0,0,0,0,0,0,0,0,0,0,0,0,0,0
"314","Cerastium_semidecandrum","0",1,0,0,0,0,0,0,0,0,0,0,0,0,0,0,0,0,0,0
"315","Cerastium_uniflorum","0",1,1,1,1,0,1,0,0,0,1,0,0,1,0,1,1,1,0,1
"316","Cerasus_avium","0",1,0,0,0,0,0,0,0,0,0,0,0,0,0,0,0,0,0,0
"317","Cerinthe_glabra","0",1,0,0,0,0,0,0,0,0,0,0,0,0,0,0,0,0,0,0
"318","Cerinthe_minor","0",1,0,0,0,0,0,0,0,0,0,0,0,0,0,0,0,0,0,0
"319","Chaenorhinum_rubrifolium","0",1,0,0,0,0,0,0,0,0,0,0,0,0,0,0,0,0,0,0
"320","Chaenorrhinum_minus","0",1,0,0,0,0,0,0,0,0,0,0,0,0,0,0,0,0,0,0
"321","Chaerophyllum_aureum","0",1,0,0,0,0,0,0,0,0,0,0,0,0,0,0,0,0,0,0
"322","Chaerophyllum_temulum","0",1,0,0,0,0,0,0,0,0,0,0,0,0,0,0,0,0,0,0
"323","Chaerophyllum_villarsii","0",1,0,0,0,0,0,0,0,0,0,0,0,0,0,0,0,0,0,0
"324","Chamaedrys_montana","0",1,0,0,0,0,0,0,0,0,0,0,0,0,0,0,0,0,0,0
"325","Chamaenerion_montanum","0",1,0,0,0,0,0,0,0,0,0,0,0,0,0,0,0,0,0,0
"326","Chamerion_dodonaei","0",1,1,1,1,0,0,1,0,1,0,0,1,0,1,0,0,0,1,0
"327","Chamorchis_alpina","0",1,0,0,0,0,0,0,0,0,0,0,0,0,0,0,0,0,0,0
"328","Chara_Linnaeus","0",1,0,0,0,0,0,0,0,0,0,0,0,0,0,0,0,0,0,0
"329","Chelidonium_majus","0",1,0,0,0,0,0,0,0,0,0,0,0,0,0,0,0,0,0,0
"330","Chenopodium_album","0",1,0,0,0,0,0,0,0,0,0,0,0,0,0,0,0,0,0,0
"331","Chenopodium_bonus_henricus","0",1,1,1,1,0,0,0,1,0,0,0,0,0,0,0,0,0,1,1
"332","Chondrilla_juncea","0",1,0,0,0,0,0,0,0,0,0,0,0,0,0,0,0,0,0,0
"333","Chrysosplenium_alternifolium","0",1,0,0,0,0,0,0,0,0,0,0,0,0,0,0,0,0,0,0
"334","Cichorium_intybus","0",1,0,0,0,0,0,0,0,0,0,0,0,0,0,0,0,0,0,0
"335","Cirsium_acaule","0",1,1,0,0,0,0,0,0,0,0,0,0,0,0,1,0,0,0,0
"336","Cirsium_arvense","0",1,0,0,0,0,0,0,0,0,0,0,0,0,0,0,0,0,0,0
"337","Cirsium_eriophorum","0",1,0,0,0,0,0,0,0,0,0,0,0,0,0,0,0,0,0,0
"338","Cirsium_monspessulanum","0",1,0,0,0,0,0,0,0,0,0,0,0,0,0,0,0,0,0,0
"339","Cirsium_NA","0",1,0,0,0,0,0,0,0,0,0,0,0,0,0,0,0,0,0,0
"340","Cirsium_palustre","0",1,0,0,0,0,0,0,0,0,0,0,0,0,0,0,0,0,0,0
"341","Cirsium_spinosissimum","1",1,1,1,1,1,0,0,1,1,1,0,0,0,0,1,0,0,1,1
"342","Cirsium_vulgare","0",1,0,0,0,0,0,0,0,0,0,0,0,0,0,0,0,0,0,0
"343","Cladium_mariscus","0",1,0,0,0,0,0,0,0,0,0,0,0,0,0,0,0,0,0,0
"344","Clematis_vitalba","0",1,0,0,0,0,0,0,0,0,0,0,0,0,0,0,0,0,0,0
"345","Clinopodium_acinos","0",1,0,0,0,0,0,0,0,0,0,0,0,0,0,0,0,0,0,0
"346","Clinopodium_alpinum","0",1,0,0,0,0,0,0,0,0,0,0,0,0,0,0,0,0,0,0
"347","Clinopodium_grandiflorum","0",1,0,0,0,0,0,0,0,0,0,0,0,0,0,0,0,0,0,0
"348","Clinopodium_nepeta","0",1,0,0,0,0,0,0,0,0,0,0,0,0,0,0,0,0,0,0
"349","Clinopodium_vulgare","0",1,0,0,0,0,0,0,0,0,0,0,0,0,0,0,0,0,0,0
"350","Coincya_monensis","0",1,0,0,0,0,0,0,0,0,0,0,0,0,0,0,0,0,0,0
"351","Coincya_richeri","1",1,0,0,0,0,0,0,0,0,0,0,0,0,0,0,0,0,0,0
"352","Colchicum_alpinum","0",1,0,0,0,0,0,0,0,0,0,0,0,0,0,0,0,0,0,0
"353","Colchicum_autumnale","0",1,0,0,0,0,0,0,0,0,0,0,0,0,0,0,0,0,0,0
"354","Colutea_arborescens","0",1,0,0,0,0,0,0,0,0,0,0,0,0,0,0,0,0,0,0
"355","Compl_ment_flore","0",1,0,0,0,0,0,0,0,0,0,0,0,0,0,0,0,0,0,0
"356","Consolida_regalis","0",1,0,0,0,0,0,0,0,0,0,0,0,0,0,0,0,0,0,0
"357","Convallaria_majalis","0",1,0,0,0,0,0,0,0,0,0,0,0,0,0,0,0,0,0,0
"358","Convolvulus_arvensis","0",1,0,0,0,0,0,0,0,0,0,0,0,0,0,0,0,0,0,0
"359","Conyza_canadensis","0",1,0,0,0,0,0,0,0,0,0,0,0,0,0,0,0,0,0,0
"360","Corallorhiza_trifida","0",1,0,0,0,0,0,0,0,0,0,0,0,0,0,0,0,0,0,0
"361","Coristospermum_ferulaceum","0",1,0,0,0,0,0,0,0,0,0,0,0,0,0,0,0,0,0,0
"362","Cormus_domestica","0",1,0,0,0,0,0,0,0,0,0,0,0,0,0,0,0,0,0,0
"363","Coronilla_minima","0",1,0,0,0,0,0,0,0,0,0,0,0,0,0,0,0,0,0,0
"364","Coronilla_vaginalis","0",1,0,0,0,0,0,0,0,0,0,0,0,0,0,0,0,0,0,0
"365","Corydalis_intermedia","0",1,0,0,0,0,0,0,0,0,0,0,0,0,0,0,0,0,0,0
"366","Corydalis_solida","0",1,0,0,0,0,0,0,0,0,0,0,0,0,0,0,0,0,0,0
"367","Corylus_avellana","0",1,0,0,0,0,0,0,0,0,0,0,0,0,0,0,0,0,0,0
"368","Cotoneaster_integerrimus","0",1,1,1,0,0,0,0,0,0,0,0,0,0,0,0,0,0,1,0
"369","Cotoneaster_NA","0",1,1,1,1,0,0,0,0,0,0,0,0,0,0,1,0,0,1,0
"370","Cotoneaster_tomentosus","0",1,0,0,0,0,0,0,0,0,0,0,0,0,0,0,0,0,0,0
"371","Crataegus_laevigata","0",1,0,0,0,0,0,0,0,0,0,0,0,0,0,0,0,0,0,0
"372","Crataegus_monogyna","0",1,0,0,0,0,0,0,0,0,0,0,0,0,0,0,0,0,0,0
"373","Crepis_aurea","0",1,0,0,0,0,0,0,0,0,0,0,0,0,0,0,0,0,0,0
"374","Crepis_biennis","0",1,0,0,0,0,0,0,0,0,0,0,0,0,0,0,0,0,0,0
"375","Crepis_conyzifolia","0",1,0,0,0,0,0,0,0,0,0,0,0,0,0,0,0,0,0,0
"376","Crepis_foetida","0",1,0,0,0,0,0,0,0,0,0,0,0,0,0,0,0,0,0,0
"377","Crepis_nicaeensis","0",1,0,0,0,0,0,0,0,0,0,0,0,0,0,0,0,0,0,0
"378","Crepis_paludosa","0",1,0,0,0,0,0,0,0,0,0,0,0,0,0,0,0,0,0,0
"379","Crepis_pontana","0",1,0,0,0,0,0,0,0,0,0,0,0,0,0,0,0,0,0,0
"380","Crepis_pygmaea","0",1,1,0,1,0,0,0,0,0,0,0,0,0,0,1,0,0,1,0
"381","Crepis_pyrenaica","0",1,0,0,0,0,0,0,0,0,0,0,0,0,0,0,0,0,0,0
"382","Crepis_vesicaria","0",1,0,0,0,0,0,0,0,0,0,0,0,0,0,0,0,0,0,0
"383","Crocus_vernus","0",1,0,0,0,0,0,0,0,0,0,0,0,0,0,0,0,0,0,0
"384","Cruciata_glabra","0",1,0,0,0,0,0,0,0,0,0,0,0,0,0,0,0,0,0,0
"385","Cruciata_laevipes","0",1,0,0,0,0,0,0,0,0,0,0,0,0,0,0,0,0,0,0
"386","Crupina_vulgaris","0",1,0,0,0,0,0,0,0,0,0,0,0,0,0,0,0,0,0,0
"387","Cryptogramma_crispa","0",1,1,1,1,0,1,0,1,0,1,0,0,0,0,1,0,1,1,1
"388","Cucubalus_baccifer","0",1,0,0,0,0,0,0,0,0,0,0,0,0,0,0,0,0,0,0
"389","Cuscuta_epilinum","0",1,0,0,0,0,0,0,0,0,0,0,0,0,0,0,0,0,0,0
"390","Cuscuta_epithymum","0",1,0,0,0,0,0,0,0,0,0,0,0,0,0,0,0,0,0,0
"391","Cuscuta_europaea","0",1,0,0,0,0,0,0,0,0,0,0,0,0,0,0,0,0,0,0
"392","Cuscuta_planiflora","0",1,0,0,0,0,0,0,0,0,0,0,0,0,0,0,0,0,0,0
"393","Cyanus_montanus","0",1,0,0,0,0,0,0,0,0,0,0,0,0,0,0,0,0,0,0
"394","Cyanus_segetum","0",1,0,0,0,0,0,0,0,0,0,0,0,0,0,0,0,0,0,0
"395","Cynoglossum_officinale","0",1,0,0,0,0,0,0,0,0,0,0,0,0,0,0,0,0,0,0
"396","Cynosurus_cristatus","0",1,0,0,0,0,0,0,0,0,0,0,0,0,0,0,0,0,0,0
"397","Cypripedium_calceolus","0",1,0,0,0,0,0,0,0,0,0,0,0,0,0,0,0,0,0,0
"398","Cystopteris_dickieana","0",1,0,0,0,0,0,0,0,0,0,0,0,0,0,0,0,0,0,0
"399","Cystopteris_fragilis","0",1,1,1,1,0,0,0,0,0,1,0,0,0,0,1,0,0,1,1
"400","Cytisophyllum_sessilifolium","0",1,0,0,0,0,0,0,0,0,0,0,0,0,0,0,0,0,0,0
"401","Dactylis_glomerata","1",1,0,0,0,0,0,0,0,0,0,0,0,0,0,0,0,0,0,0
"402","Dactylorhiza_fuchsii","0",1,0,0,0,0,0,0,0,0,0,0,0,0,0,0,0,0,0,0
"403","Dactylorhiza_incarnata","0",1,0,0,0,0,0,0,0,0,0,0,0,0,0,0,0,0,0,0
"404","Dactylorhiza_lapponica","0",1,0,0,0,0,0,0,0,0,0,0,0,0,0,0,0,0,0,0
"405","Dactylorhiza_maculata","0",1,0,0,0,0,0,0,0,0,0,0,0,0,0,0,0,0,0,0
"406","Dactylorhiza_majalis","0",1,0,0,0,0,0,0,0,0,0,0,0,0,0,0,0,0,0,0
"407","Dactylorhiza_sambucina","0",1,0,0,0,0,0,0,0,0,0,0,0,0,0,0,0,0,0,0
"408","Dactylorhiza_viridis","0",1,0,0,0,0,0,0,0,0,0,0,0,0,0,0,0,0,0,0
"409","Danthonia_decumbens","0",1,0,0,0,0,0,0,0,0,0,0,0,0,0,0,0,0,0,0
"410","Daphne_alpina","0",1,1,1,0,0,0,0,0,0,0,0,0,0,0,0,0,1,0,0
"411","Daphne_cneorum","0",1,0,0,0,0,0,0,0,0,0,0,0,0,0,0,0,0,0,0
"412","Daphne_laureola","0",1,0,0,0,0,0,0,0,0,0,0,0,0,0,0,0,0,0,0
"413","Daphne_mezereum","0",1,1,0,0,0,0,0,0,0,1,0,0,0,0,0,0,0,0,0
"414","Dasistepha_asclepiadea","0",1,0,0,0,0,0,0,0,0,0,0,0,0,0,0,0,0,0,0
"415","Daucus_carota","0",1,0,0,0,0,0,0,0,0,0,0,0,0,0,0,0,0,0,0
"416","Deschampsia_cespitosa","0",1,0,0,0,0,0,0,0,0,0,0,0,0,0,0,0,0,0,0
"417","Deschampsia_flexuosa","0",1,1,1,1,0,0,0,1,0,0,0,0,0,0,1,0,0,1,0
"418","Descurainia_sophia","0",1,0,0,0,0,0,0,0,0,0,0,0,0,0,0,0,0,0,0
"419","Descurainia_tanacetifolia","1",1,0,0,0,0,0,0,0,0,0,0,0,0,0,0,0,0,0,0
"420","Dianthus_carthusianorum","1",1,0,0,0,0,0,0,0,0,0,0,0,0,0,0,0,0,0,0
"421","Dianthus_caryophyllus","0",1,0,0,0,0,0,0,0,0,0,0,0,0,0,0,0,0,0,0
"422","Dianthus_deltoides","0",1,0,0,0,0,0,0,0,0,0,0,0,0,0,0,0,0,0,0
"423","Dianthus_hyssopifolius","0",1,0,0,0,0,0,0,0,0,0,0,0,0,0,0,0,0,0,0
"424","Dianthus_pavonius","1",1,0,0,0,0,0,0,0,0,0,0,0,0,0,0,0,0,0,0
"425","Diaphyllum_longifolium","0",1,0,0,0,0,0,0,0,0,0,0,0,0,0,0,0,0,0,0
"426","Digitalis_grandiflora","0",1,0,0,0,0,0,0,0,0,0,0,0,0,0,0,0,0,0,0
"427","Digitalis_lutea","0",1,0,0,0,0,0,0,0,0,0,0,0,0,0,0,0,0,0,0
"428","Dioscorea_communis","0",1,0,0,0,0,0,0,0,0,0,0,0,0,0,0,0,0,0,0
"429","Dittrichia_graveolens","0",1,0,0,0,0,0,0,0,0,0,0,0,0,0,0,0,0,0,0
"430","Doronicum_grandiflorum","0",1,1,1,1,0,1,0,0,0,0,0,0,0,0,1,0,1,1,1
"431","Doronicum_pardalianches","0",1,0,0,0,0,0,0,0,0,0,0,0,0,0,0,0,0,0,0
"432","Dorycnium_pentaphyllum","0",1,0,0,0,0,0,0,0,0,0,0,0,0,0,0,0,0,0,0
"433","Draba_aizoides","1",1,1,1,0,0,0,0,0,0,0,0,0,0,0,1,0,1,0,1
"434","Draba_dubia","0",1,1,1,1,1,0,1,1,1,0,0,0,1,1,1,1,1,1,1
"435","Draba_fladnizensis","0",1,1,1,0,0,1,1,0,0,1,0,0,0,0,1,0,0,0,1
"436","Draba_siliquosa","0",1,1,1,0,0,0,0,0,0,1,0,0,0,0,0,0,0,0,0
"437","Draba_verna","0",1,0,0,0,0,0,0,0,0,0,0,0,0,0,0,0,0,0,0
"438","Dracocephalum_ruyschiana","0",1,0,0,0,0,0,0,0,0,0,0,0,0,0,0,0,0,0,0
"439","Drosera_rotundifolia","0",1,0,0,0,0,0,0,0,0,0,0,0,0,0,0,0,0,0,0
"440","Dryas_octopetala","0",1,1,1,1,0,0,0,0,0,0,0,0,0,1,0,0,1,0,0
"441","Dryopteris_dilatata","0",1,0,0,0,0,0,0,0,0,0,0,0,0,0,0,0,0,0,0
"442","Dryopteris_expansa","0",1,0,0,0,0,0,0,0,0,0,0,0,0,0,0,0,0,0,0
"443","Dryopteris_filix_mas","0",1,1,1,1,0,0,0,1,1,0,0,0,0,0,1,0,0,1,1
"444","Dryopteris_mindshelkensis","0",1,0,0,0,0,0,0,0,0,0,0,0,0,0,0,0,0,0,0
"445","Echinops_ritro","0",1,0,0,0,0,0,0,0,0,0,0,0,0,0,0,0,0,0,0
"446","Echinops_sphaerocephalus","0",1,0,0,0,0,0,0,0,0,0,0,0,0,0,0,0,0,0,0
"447","Echium_vulgare","0",1,0,0,0,0,0,0,0,0,0,0,0,0,0,0,0,0,0,0
"448","Ecologie_verticale","0",1,0,0,0,0,0,0,0,0,0,0,0,0,0,0,0,0,0,0
"449","Edritria_ferruginea","1",1,0,0,0,0,0,0,0,0,0,0,0,0,0,0,0,0,0,0
"450","Eleocharis_macrostachya","0",1,0,0,0,0,0,0,0,0,0,0,0,0,0,0,0,0,0,0
"451","Eleocharis_mamillata","0",1,0,0,0,0,0,0,0,0,0,0,0,0,0,0,0,0,0,0
"452","Eleocharis_quinqueflora","0",1,0,0,0,0,0,0,0,0,0,0,0,0,0,0,0,0,0,0
"453","Eleocharis_uniglumis","0",1,0,0,0,0,0,0,0,0,0,0,0,0,0,0,0,0,0,0
"454","Elymus_caninus","0",1,0,0,0,0,0,0,0,0,0,0,0,0,0,0,0,0,0,0
"455","Elymus_NA","0",1,0,0,0,0,0,0,0,0,0,0,0,0,0,0,0,0,0,0
"456","Elymus_repens","0",1,0,0,0,0,0,0,0,0,0,0,0,0,0,0,0,0,0,0
"457","Elytrigia_intermedia","0",1,0,0,0,0,0,0,0,0,0,0,0,0,0,0,0,0,0,0
"458","Empetrum_nigrum","0",1,1,1,0,0,0,0,0,0,1,0,0,0,0,0,0,0,0,0
"459","Epilobium_alpestre","0",1,0,0,0,0,0,0,0,0,0,0,0,0,0,0,0,0,0,0
"460","Epilobium_alsinifolium","0",1,1,0,1,0,0,0,0,0,0,0,0,0,0,1,0,0,1,0
"461","Epilobium_anagallidifolium","0",1,1,1,1,1,0,0,0,1,1,0,0,0,0,1,0,1,1,1
"462","Epilobium_angustifolium","0",1,0,0,0,0,0,0,0,0,0,0,0,0,0,0,0,0,0,0
"463","Epilobium_collinum","0",1,0,0,0,0,0,0,0,0,0,0,0,0,0,0,0,0,0,0
"464","Epilobium_hirsutum","0",1,0,0,0,0,0,0,0,0,0,0,0,0,0,0,0,0,0,0
"465","Epilobium_palustre","0",1,0,0,0,0,0,0,0,0,0,0,0,0,0,0,0,0,0,0
"466","Epilobium_parviflorum","0",1,0,0,0,0,0,0,0,0,0,0,0,0,0,0,0,0,0,0
"467","Epipactis_atrorubens","0",1,0,0,0,0,0,0,0,0,0,0,0,0,0,0,0,0,0,0
"468","Epipactis_helleborine","0",1,0,0,0,0,0,0,0,0,0,0,0,0,0,0,0,0,0,0
"469","Epipactis_palustris","0",1,0,0,0,0,0,0,0,0,0,0,0,0,0,0,0,0,0,0
"470","Epipogium_aphyllum","0",1,0,0,0,0,0,0,0,0,0,0,0,0,0,0,0,0,0,0
"471","Equisetum_arvense","0",1,0,0,0,0,0,0,0,0,0,0,0,0,0,0,0,0,0,0
"472","Equisetum_fluviatile","0",1,0,0,0,0,0,0,0,0,0,0,0,0,0,0,0,0,0,0
"473","Equisetum_hyemale","0",1,0,0,0,0,0,0,0,0,0,0,0,0,0,0,0,0,0,0
"474","Equisetum_NA","0",1,0,0,0,0,0,0,0,0,0,0,0,0,0,0,0,0,0,0
"475","Equisetum_palustre","0",1,0,0,0,0,0,0,0,0,0,0,0,0,0,0,0,0,0,0
"476","Equisetum_variegatum","0",1,0,0,0,0,0,0,0,0,0,0,0,0,0,0,0,0,0,0
"477","Erigeron_acer","0",1,1,0,1,0,0,0,0,0,0,0,0,0,0,0,0,0,1,0
"478","Erigeron_acris","0",1,0,0,0,0,0,0,0,0,0,0,0,0,0,0,0,0,0,0
"479","Erigeron_annuus","0",1,0,0,0,0,0,0,0,0,0,0,0,0,0,0,0,0,0,0
"480","Erigeron_gaudinii","0",1,1,1,0,0,0,0,0,0,0,0,0,0,0,0,0,0,1,0
"481","Erigeron_glabratus","1",1,1,1,0,0,0,0,0,0,1,0,0,0,0,0,0,0,0,1
"482","Erigeron_NA","0",1,0,0,0,0,0,0,0,0,0,0,0,0,0,0,0,0,0,0
"483","Erigeron_neglectus","1",1,0,0,0,0,0,0,0,0,0,0,0,0,0,0,0,0,0,0
"484","Erigeron_uniflorus","0",1,1,1,1,0,1,0,0,1,1,0,0,0,1,1,1,0,0,1
"485","Erinus_alpinus","0",1,1,0,0,0,0,0,0,0,0,0,0,0,0,1,0,0,0,0
"486","Eriophorum_angustifolium","0",1,0,0,0,0,0,0,0,0,0,0,0,0,0,0,0,0,0,0
"487","Eriophorum_latifolium","0",1,0,0,0,0,0,0,0,0,0,0,0,0,0,0,0,0,0,0
"488","Eriophorum_scheuchzeri","0",1,1,0,0,0,0,0,0,0,0,0,0,0,0,1,0,0,0,0
"489","Eritrichium_nanum","0",1,1,1,0,1,1,1,1,1,1,1,0,1,0,1,1,0,0,1
"490","Erodium_cicutarium","0",1,0,0,0,0,0,0,0,0,0,0,0,0,0,0,0,0,0,0
"491","Erucastrum_nasturtiifolium","0",1,0,0,0,0,0,0,0,0,0,0,0,0,0,0,0,0,0,0
"492","Eryngium_alpinum","0",1,1,0,0,0,0,0,0,0,0,0,0,0,0,1,0,0,0,0
"493","Eryngium_campestre","0",1,0,0,0,0,0,0,0,0,0,0,0,0,0,0,0,0,0,0
"494","Erysimum_jugicola","1",1,0,0,0,0,0,0,0,0,0,0,0,0,0,0,0,0,0,0
"495","Erysimum_nevadense","1",1,0,0,0,0,0,0,0,0,0,0,0,0,0,0,0,0,0,0
"496","Erysimum_ochroleucum","0",1,0,0,0,0,0,0,0,0,0,0,0,0,0,0,0,0,0,0
"497","Erysimum_rhaeticum","1",1,0,0,0,0,0,0,0,0,0,0,0,0,0,0,0,0,0,0
"498","Erysimum_virgatum","0",1,0,0,0,0,0,0,0,0,0,0,0,0,0,0,0,0,0,0
"499","Euonymus_europaeus","0",1,0,0,0,0,0,0,0,0,0,0,0,0,0,0,0,0,0,0
"500","Euonymus_latifolius","0",1,0,0,0,0,0,0,0,0,0,0,0,0,0,0,0,0,0,0
"501","Eupatorium_cannabinum","0",1,0,0,0,0,0,0,0,0,0,0,0,0,0,0,0,0,0,0
"502","Euphorbia_brittingeri","0",1,0,0,0,0,0,0,0,0,0,0,0,0,0,0,0,0,0,0
"503","Euphorbia_cyparissias","0",1,1,1,1,0,0,0,0,0,0,0,0,0,0,1,0,0,1,0
"504","Euphorbia_exigua","0",1,0,0,0,0,0,0,0,0,0,0,0,0,0,0,0,0,0,0
"505","Euphorbia_helioscopia","0",1,0,0,0,0,0,0,0,0,0,0,0,0,0,0,0,0,0,0
"506","Euphrasia_alpina","0",1,1,1,0,0,0,0,0,0,1,0,0,0,0,0,0,0,0,0
"507","Euphrasia_drosocalyx","0",1,1,1,0,0,0,0,0,0,1,0,0,0,0,0,0,0,0,0
"508","Euphrasia_hirtella","0",1,0,0,0,0,0,0,0,0,0,0,0,0,0,0,0,0,0,0
"509","Euphrasia_kerneri","0",1,0,0,0,0,0,0,0,0,0,0,0,0,0,0,0,0,0,0
"510","Euphrasia_minima","0",1,1,1,1,1,1,0,1,1,1,0,0,0,1,1,0,1,1,1
"511","Euphrasia_pectinata","0",1,0,0,0,0,0,0,0,0,0,0,0,0,0,0,0,0,0,0
"512","Euphrasia_salisburgensis","0",1,1,1,0,0,0,0,0,0,0,0,0,0,0,1,0,0,0,1
"513","Euphrasia_stricta","0",1,1,0,1,0,0,0,0,0,0,0,0,0,1,0,0,0,0,0
"514","Fagus_sylvatica","0",1,0,0,0,0,0,0,0,0,0,0,0,0,0,0,0,0,0,0
"515","Fallopia_convolvulus","0",1,0,0,0,0,0,0,0,0,0,0,0,0,0,0,0,0,0,0
"516","Fallopia_japonica","0",1,0,0,0,0,0,0,0,0,0,0,0,0,0,0,0,0,0,0
"517","Festuca_acuminata","1",1,1,1,1,0,0,0,1,0,0,0,0,0,0,1,0,0,1,1
"518","Festuca_altissima","0",1,0,0,0,0,0,0,0,0,0,0,0,0,0,0,0,0,0,0
"519","Festuca_arundinacea","0",1,0,0,0,0,0,0,0,0,0,0,0,0,0,0,0,0,0,0
"520","Festuca_chalcophaea","1",1,1,1,1,1,1,1,1,1,1,0,0,0,1,1,0,1,1,1
"521","Festuca_flavescens","1",1,0,0,0,0,0,0,0,0,0,0,0,0,0,0,0,0,0,0
"522","Festuca_gigantea","0",1,0,0,0,0,0,0,0,0,0,0,0,0,0,0,0,0,0,0
"523","Festuca_halleri","1",1,1,1,1,1,1,0,1,1,1,0,1,0,1,1,0,1,1,1
"524","Festuca_heterophylla","0",1,0,0,0,0,0,0,0,0,0,0,0,0,0,0,0,0,0,0
"525","Festuca_laevigata","0",1,1,0,1,0,0,0,0,0,0,0,0,0,0,1,0,0,1,0
"526","Festuca_melanopsis","1",1,1,1,0,1,0,0,0,0,0,0,0,0,0,1,0,0,0,0
"527","Festuca_ovina","0",1,1,0,0,0,0,0,0,0,0,0,0,0,0,1,0,0,0,0
"528","Festuca_pratensis","0",1,0,0,0,0,0,0,0,0,0,0,0,0,0,0,0,0,0,0
"529","Festuca_quadriflora","0",1,1,1,0,0,0,0,1,0,0,0,0,0,0,1,0,1,0,1
"530","Festuca_rubra","0",1,1,1,0,0,0,1,1,0,0,0,0,0,0,1,0,0,0,0
"531","Festuca_valesiaca","0",1,0,0,0,0,0,0,0,0,0,0,0,0,0,0,0,0,0,0
"532","Filago_arvensis","0",1,0,0,0,0,0,0,0,0,0,0,0,0,0,0,0,0,0,0
"533","Filipendula_ulmaria","0",1,0,0,0,0,0,0,0,0,0,0,0,0,0,0,0,0,0,0
"534","Filipendula_vulgaris","0",1,0,0,0,0,0,0,0,0,0,0,0,0,0,0,0,0,0,0
"535","Fourraea_alpina","0",1,0,0,0,0,0,0,0,0,0,0,0,0,0,0,0,0,0,0
"536","Fragaria_vesca","0",1,0,0,0,0,0,0,0,0,0,0,0,0,0,0,0,0,0,0
"537","Frangula_NA","0",1,0,0,0,0,0,0,0,0,0,0,0,0,0,0,0,0,0,0
"538","Fraxinus_excelsior","0",1,0,0,0,0,0,0,0,0,0,0,0,0,0,0,0,0,0,0
"539","Fumana_procumbens","0",1,0,0,0,0,0,0,0,0,0,0,0,0,0,0,0,0,0,0
"540","Gagea_liotardii","0",1,0,0,0,0,0,0,0,0,0,0,0,0,0,0,0,0,0,0
"541","Gagea_nakaiana","0",1,0,0,0,0,0,0,0,0,0,0,0,0,0,0,0,0,0,0
"542","Galeopsis_ladanum","1",1,0,0,0,0,0,0,0,0,0,0,0,0,0,0,0,0,0,0
"543","Galeopsis_tetrahit","0",1,0,0,0,0,0,0,0,0,0,0,0,0,0,0,0,0,0,0
"544","Galium_aparine","0",1,0,0,0,0,0,0,0,0,0,0,0,0,0,0,0,0,0,0
"545","Galium_boreale","0",1,0,0,0,0,0,0,0,0,0,0,0,0,0,0,0,0,0,0
"546","Galium_commune","0",1,1,0,0,0,0,0,1,0,0,0,0,0,0,1,0,0,0,0
"547","Galium_corrudifolium","0",1,0,0,0,0,0,0,0,0,0,0,0,0,0,0,0,0,0,0
"548","Galium_glaucum","0",1,0,0,0,0,0,0,0,0,0,0,0,0,0,0,0,0,0,0
"549","Galium_lucidum","0",1,0,0,0,0,0,0,0,0,0,0,0,0,0,0,0,0,0,0
"550","Galium_megalospermum","1",1,0,0,0,0,0,0,0,0,0,0,0,0,0,0,0,0,0,0
"551","Galium_mollugo","0",1,0,0,0,0,0,0,0,0,0,0,0,0,0,0,0,0,0,0
"552","Galium_odoratum","0",1,0,0,0,0,0,0,0,0,0,0,0,0,0,0,0,0,0,0
"553","Galium_palustre","0",1,0,0,0,0,0,0,0,0,0,0,0,0,0,0,0,0,0,0
"554","Galium_pseudohelveticum","1",1,1,1,1,0,0,0,1,0,0,0,0,0,0,1,0,1,1,1
"555","Galium_pumilum","0",1,1,1,0,0,0,0,0,0,0,0,0,0,0,1,0,0,0,0
"556","Galium_rotundifolium","0",1,0,0,0,0,0,0,0,0,0,0,0,0,0,0,0,0,0,0
"557","Galium_rubrum","0",1,0,0,0,0,0,0,0,0,0,0,0,0,0,0,0,0,0,0
"558","Galium_sylvaticum","0",1,0,0,0,0,0,0,0,0,0,0,0,0,0,0,0,0,0,0
"559","Galium_verum","0",1,0,0,0,0,0,0,0,0,0,0,0,0,0,0,0,0,0,0
"560","Gamochaeta_norvegica","0",1,1,1,0,0,0,0,0,1,0,0,0,0,0,0,0,0,0,0
"561","Gamochaeta_sylvatica","0",1,0,0,0,0,0,0,0,0,0,0,0,0,0,0,0,0,0,0
"562","Genista_cinerea","0",1,0,0,0,0,0,0,0,0,0,0,0,0,0,0,0,0,0,0
"563","Genista_pilosa","0",1,0,0,0,0,0,0,0,0,0,0,0,0,0,0,0,0,0,0
"564","Genistella_sagittalis","0",1,0,0,0,0,0,0,0,0,0,0,0,0,0,0,0,0,0,0
"565","Gentiana_acaulis","0",1,1,1,0,0,0,0,0,0,1,0,0,0,0,1,0,1,0,1
"566","Gentiana_cruciata","0",1,0,0,0,0,0,0,0,0,0,0,0,0,0,0,0,0,0,0
"567","Gentiana_nivalis","0",1,1,1,0,0,0,0,1,0,0,0,0,0,0,1,0,0,0,1
"568","Gentiana_pneumonanthe","0",1,0,0,0,0,0,0,0,0,0,0,0,0,0,0,0,0,0,0
"569","Gentiana_verna","0",1,1,1,0,0,0,0,0,0,0,0,0,0,0,1,0,1,0,0
"570","Gentianella_campestris","0",1,1,1,0,0,0,0,1,0,0,0,0,0,0,1,0,0,0,0
"571","Gentianella_tenella","0",1,0,0,0,0,0,0,0,0,0,0,0,0,0,0,0,0,0,0
"572","Gentianopsis_ciliata","0",1,0,0,0,0,0,0,0,0,0,0,0,0,0,0,0,0,0,0
"573","Gentianusa_lutea","1",1,0,0,0,0,0,0,0,0,0,0,0,0,0,0,0,0,0,0
"574","Gentianusa_punctata","0",1,1,0,0,0,0,0,0,0,1,0,0,0,0,1,0,0,0,0
"575","Geranium_argenteum","0",1,0,0,0,0,0,0,0,0,0,0,0,0,0,0,0,0,0,0
"576","Geranium_columbinum","0",1,0,0,0,0,0,0,0,0,0,0,0,0,0,0,0,0,0,0
"577","Geranium_lucidum","0",1,0,0,0,0,0,0,0,0,0,0,0,0,0,0,0,0,0,0
"578","Geranium_molle","0",1,0,0,0,0,0,0,0,0,0,0,0,0,0,0,0,0,0,0
"579","Geranium_nodosum","0",1,0,0,0,0,0,0,0,0,0,0,0,0,0,0,0,0,0,0
"580","Geranium_phaeum","0",1,0,0,0,0,0,0,0,0,0,0,0,0,0,0,0,0,0,0
"581","Geranium_pyrenaicum","0",1,0,0,0,0,0,0,0,0,0,0,0,0,0,0,0,0,0,0
"582","Geranium_rivulare","1",1,1,0,1,0,0,0,0,0,0,0,0,0,0,0,0,0,1,0
"583","Geranium_robertianum","0",1,0,0,0,0,0,0,0,0,0,0,0,0,0,0,0,0,0,0
"584","Geranium_rotundifolium","0",1,0,0,0,0,0,0,0,0,0,0,0,0,0,0,0,0,0,0
"585","Geranium_sanguineum","0",1,0,0,0,0,0,0,0,0,0,0,0,0,0,0,0,0,0,0
"586","Geranium_sylvaticum","0",1,1,0,1,0,0,0,0,0,0,0,0,0,0,1,0,0,1,0
"587","Geum_reptans","0",1,1,1,1,0,1,1,1,1,0,0,1,0,1,1,0,1,1,1
"588","Geum_rivale","0",1,0,0,0,0,0,0,0,0,0,0,0,0,0,0,0,0,0,0
"589","Geum_urbanum","0",1,1,0,1,0,0,0,0,0,0,0,0,0,0,1,0,0,1,0
"590","Glechoma_hederacea","0",1,0,0,0,0,0,0,0,0,0,0,0,0,0,0,0,0,0,0
"591","Glechoma_nepetella","0",1,0,0,0,0,0,0,0,0,0,0,0,0,0,0,0,0,0,0
"592","Globularia_bisnagarica","0",1,0,0,0,0,0,0,0,0,0,0,0,0,0,0,0,0,0,0
"593","Globularia_cordifolia","0",1,1,1,0,0,0,0,0,0,0,0,0,0,0,1,0,0,1,0
"594","Glyceria_fluitans","0",1,0,0,0,0,0,0,0,0,0,0,0,0,0,0,0,0,0,0
"595","Glyceria_notata","0",1,0,0,0,0,0,0,0,0,0,0,0,0,0,0,0,0,0,0
"596","Gnaphalium_hoppeanum","0",1,0,0,0,0,0,0,0,0,0,0,0,0,0,0,0,0,0,0
"597","Gnaphalium_supinum","0",1,1,1,1,1,0,1,0,1,1,0,0,0,0,1,0,1,1,1
"598","Goodyera_repens","0",1,0,0,0,0,0,0,0,0,0,0,0,0,0,0,0,0,0,0
"599","Gymnadenia_conopsea","0",1,0,0,0,0,0,0,0,0,0,0,0,0,0,0,0,0,0,0
"600","Gymnadenia_nigra","0",1,0,0,0,0,0,0,0,0,0,0,0,0,0,0,0,0,0,0
"601","Gymnocarpium_dryopteris","0",1,0,0,0,0,0,0,0,0,0,0,0,0,0,0,0,0,0,0
"602","Gymnocarpium_robertianum","0",1,1,0,1,0,0,0,0,0,0,0,0,0,0,0,0,0,1,0
"603","Gypsophila_repens","0",1,1,1,1,0,0,1,0,0,0,0,0,0,1,1,0,1,0,0
"604","Hedera_helix","0",1,0,0,0,0,0,0,0,0,0,0,0,0,0,0,0,0,0,0
"605","Hedysarum_hedysaroides","1",1,0,0,0,0,0,0,0,0,0,0,0,0,0,0,0,0,0,0
"606","Helianthemum_apenninum","0",1,0,0,0,0,0,0,0,0,0,0,0,0,0,0,0,0,0,0
"607","Helianthemum_grandiflorum","0",1,0,0,0,0,0,0,0,0,0,0,0,0,0,0,0,0,0,0
"608","Helianthemum_nummularium","0",1,0,0,0,0,0,0,0,0,0,0,0,0,0,0,0,0,0,0
"609","Helianthemum_oelandicum","0",1,0,0,0,0,0,0,0,0,0,0,0,0,0,0,0,0,0,0
"610","Helictotrichon_pratense","0",1,0,0,0,0,0,0,0,0,0,0,0,0,0,0,0,0,0,0
"611","Helictotrichon_pubescens","0",1,0,0,0,0,0,0,0,0,0,0,0,0,0,0,0,0,0,0
"612","Helictotrichon_sedenense","0",1,1,1,1,0,1,0,1,0,0,0,0,0,1,1,0,1,1,1
"613","Helictotrichon_sempervirens","1",1,0,0,0,0,0,0,0,0,0,0,0,0,0,0,0,0,0,0
"614","Helictotrichon_versicolor","0",1,1,1,1,0,0,0,0,0,0,0,1,0,0,1,0,1,0,1
"615","Helleborus_foetidus","0",1,0,0,0,0,0,0,0,0,0,0,0,0,0,0,0,0,0,0
"616","Hepatica_nobilis","0",1,0,0,0,0,0,0,0,0,0,0,0,0,0,0,0,0,0,0
"617","Heracleum_sphondylium","0",1,0,0,0,0,0,0,0,0,0,0,0,0,0,0,0,0,0,0
"618","Herniaria_alpina","0",1,1,1,1,0,0,0,1,1,0,0,1,0,1,1,0,0,0,0
"619","Herniaria_hirsuta","0",1,0,0,0,0,0,0,0,0,0,0,0,0,0,0,0,0,0,0
"620","Herniaria_incana","0",1,0,0,0,0,0,0,0,0,0,0,0,0,0,0,0,0,0,0
"621","Herorchis_morio","0",1,0,0,0,0,0,0,0,0,0,0,0,0,0,0,0,0,0,0
"622","Hieracium_alpinum","0",1,1,1,0,0,0,0,0,0,1,0,0,0,0,0,0,0,0,0
"623","Hieracium_amplexicaule","0",1,0,0,0,0,0,0,0,0,0,0,0,0,0,0,0,0,0,0
"624","Hieracium_antarcticum","0",1,1,1,0,0,0,0,1,0,0,0,0,0,0,1,0,0,0,0
"625","Hieracium_argillaceum","0",1,0,0,0,0,0,0,0,0,0,0,0,0,0,0,0,0,0,0
"626","Hieracium_aurantiacum","0",1,0,0,0,0,0,0,0,0,0,0,0,0,0,0,0,0,0,0
"627","Hieracium_bifidum","0",1,0,0,0,0,0,0,0,0,0,0,0,0,0,0,0,0,0,0
"628","Hieracium_cymosum","0",1,0,0,0,0,0,0,0,0,0,0,0,0,0,0,0,0,0,0
"629","Hieracium_diaphanoides","0",1,0,0,0,0,0,0,0,0,0,0,0,0,0,0,0,0,0,0
"630","Hieracium_glaucinum","0",1,0,0,0,0,0,0,0,0,0,0,0,0,0,0,0,0,0,0
"631","Hieracium_intybaceum","1",1,0,0,0,0,0,0,0,0,0,0,0,0,0,0,0,0,0,0
"632","Hieracium_inuloides","0",1,0,0,0,0,0,0,0,0,0,0,0,0,0,0,0,0,0,0
"633","Hieracium_juranum","0",1,0,0,0,0,0,0,0,0,0,0,0,0,0,0,0,0,0,0
"634","Hieracium_lachenalii","0",1,0,0,0,0,0,0,0,0,0,0,0,0,0,0,0,0,0,0
"635","Hieracium_lactucella","0",1,0,0,0,0,0,0,0,0,0,0,0,0,0,0,0,0,0,0
"636","Hieracium_lawsonii","0",1,0,0,0,0,0,0,0,0,0,0,0,0,0,0,0,0,0,0
"637","Hieracium_murorum","0",1,0,0,0,0,0,0,0,0,0,0,0,0,0,0,0,0,0,0
"638","Hieracium_NA","0",1,0,0,0,0,0,0,0,0,0,0,0,0,0,0,0,0,0,0
"639","Hieracium_niphobium","0",1,1,0,0,0,0,0,0,0,0,0,0,0,0,1,0,0,0,0
"640","Hieracium_piliferum","0",1,1,1,1,0,1,0,0,0,0,0,1,0,0,1,0,0,0,0
"641","Hieracium_pilosella","0",1,1,1,0,0,0,0,0,0,0,0,0,0,0,1,0,0,0,0
"642","Hieracium_piloselloides","0",1,0,0,0,0,0,0,0,0,0,0,0,0,0,0,0,0,0,0
"643","Hieracium_pilosum","0",1,1,0,0,0,0,0,0,0,0,0,0,0,0,1,0,0,0,0
"644","Hieracium_praealtum","0",1,0,0,0,0,0,0,0,0,0,0,0,0,0,0,0,0,0,0
"645","Hieracium_prenanthoides","0",1,0,0,0,0,0,0,0,0,0,0,0,0,0,0,0,0,0,0
"646","Hieracium_sabaudum","0",1,0,0,0,0,0,0,0,0,0,0,0,0,0,0,0,0,0,0
"647","Hieracium_schmidtii","0",1,0,0,0,0,0,0,0,0,0,0,0,0,0,0,0,0,0,0
"648","Hieracium_umbellatum","0",1,0,0,0,0,0,0,0,0,0,0,0,0,0,0,0,0,0,0
"649","Hieracium_umbrosum","0",1,0,0,0,0,0,0,0,0,0,0,0,0,0,0,0,0,0,0
"650","Hieracium_valdepilosum","0",1,0,0,0,0,0,0,0,0,0,0,0,0,0,0,0,0,0,0
"651","Hieracium_villosum","0",1,1,1,0,0,1,0,0,0,1,0,0,0,0,1,0,0,0,0
"652","Himantoglossum_hircinum","0",1,0,0,0,0,0,0,0,0,0,0,0,0,0,0,0,0,0,0
"653","Hippocrepis_comosa","0",1,0,0,0,0,0,0,0,0,0,0,0,0,0,0,0,0,0,0
"654","Hippocrepis_emerus","0",1,0,0,0,0,0,0,0,0,0,0,0,0,0,0,0,0,0,0
"655","Hippophae_rhamnoides","0",1,0,0,0,0,0,0,0,0,0,0,0,0,0,0,0,0,0,0
"656","Holcus_lanatus","0",1,0,0,0,0,0,0,0,0,0,0,0,0,0,0,0,0,0,0
"657","Holosteum_umbellatum","1",1,0,0,0,0,0,0,0,0,0,0,0,0,0,0,0,0,0,0
"658","Homogyne_alpina","0",1,1,1,0,1,0,0,0,0,1,0,0,0,0,1,0,1,0,0
"659","Hordelymus_europaeus","0",1,0,0,0,0,0,0,0,0,0,0,0,0,0,0,0,0,0,0
"660","Hordeum_marinum","0",1,0,0,0,0,0,0,0,0,0,0,0,0,0,0,0,0,0,0
"661","Hornungia_alpina","1",1,1,1,1,0,1,1,0,1,1,0,0,0,0,1,1,1,1,1
"662","Humulus_lupulus","0",1,0,0,0,0,0,0,0,0,0,0,0,0,0,0,0,0,0,0
"663","Huperzia_selago","0",1,1,0,1,0,0,0,0,0,0,1,1,0,0,0,0,0,0,0
"664","Hylotelephium_NA","0",1,0,0,0,0,0,0,0,0,0,0,0,0,0,0,0,0,0,0
"665","Hylotelephium_telephium","0",1,0,0,0,0,0,0,0,0,0,0,0,0,0,0,0,0,0,0
"666","Hyoscyamus_niger","0",1,0,0,0,0,0,0,0,0,0,0,0,0,0,0,0,0,0,0
"667","Hypericum_hirsutum","0",1,0,0,0,0,0,0,0,0,0,0,0,0,0,0,0,0,0,0
"668","Hypericum_maculatum","0",1,0,0,0,0,0,0,0,0,0,0,0,0,0,0,0,0,0,0
"669","Hypericum_montanum","0",1,0,0,0,0,0,0,0,0,0,0,0,0,0,0,0,0,0,0
"670","Hypericum_perforatum","0",1,0,0,0,0,0,0,0,0,0,0,0,0,0,0,0,0,0,0
"671","Hypericum_richeri","0",1,1,1,0,0,0,0,0,0,0,0,0,0,0,1,0,0,0,0
"672","Hypochaeris_maculata","0",1,0,0,0,0,0,0,0,0,0,0,0,0,0,0,0,0,0,0
"673","Hypochaeris_radicata","0",1,0,0,0,0,0,0,0,0,0,0,0,0,0,0,0,0,0,0
"674","Hyssopus_officinalis","0",1,0,0,0,0,0,0,0,0,0,0,0,0,0,0,0,0,0,0
"675","Iberis_pinnata","0",1,0,0,0,0,0,0,0,0,0,0,0,0,0,0,0,0,0,0
"676","Ilex_aquifolium","0",1,0,0,0,0,0,0,0,0,0,0,0,0,0,0,0,0,0,0
"677","Impatiens_glandulifera","0",1,0,0,0,0,0,0,0,0,0,0,0,0,0,0,0,0,0,0
"678","Imperatoria_ostruthium","0",1,1,1,0,0,0,0,0,0,0,0,0,0,0,1,0,0,0,0
"679","Inula_conyza","0",1,0,0,0,0,0,0,0,0,0,0,0,0,0,0,0,0,0,0
"680","Inula_montana","0",1,0,0,0,0,0,0,0,0,0,0,0,0,0,0,0,0,0,0
"681","Isatis_tinctoria","0",1,0,0,0,0,0,0,0,0,0,0,0,0,0,0,0,0,0,0
"682","Ixoca_pusilla","0",1,0,0,0,0,0,0,0,0,0,0,0,0,0,0,0,0,0,0
"683","Jacobaea_incana","0",1,1,0,0,0,0,0,1,0,0,0,0,0,0,1,0,0,0,1
"684","Jasione_montana","0",1,0,0,0,0,0,0,0,0,0,0,0,0,0,0,0,0,0,0
"685","Jonorchis_abortiva","0",1,0,0,0,0,0,0,0,0,0,0,0,0,0,0,0,0,0,0
"686","Juglans_nigra","0",1,0,0,0,0,0,0,0,0,0,0,0,0,0,0,0,0,0,0
"687","Juglans_regia","0",1,0,0,0,0,0,0,0,0,0,0,0,0,0,0,0,0,0,0
"688","Juncus_alpinoarticulatus","0",1,0,0,0,0,0,0,0,0,0,0,0,0,0,0,0,0,0,0
"689","Juncus_arcticus","0",1,0,0,0,0,0,0,0,0,0,0,0,0,0,0,0,0,0,0
"690","Juncus_articulatus","0",1,0,0,0,0,0,0,0,0,0,0,0,0,0,0,0,0,0,0
"691","Juncus_bufonius","0",1,0,0,0,0,0,0,0,0,0,0,0,0,0,0,0,0,0,0
"692","Juncus_compressus","0",1,0,0,0,0,0,0,0,0,0,0,0,0,0,0,0,0,0,0
"693","Juncus_effusus","0",1,0,0,0,0,0,0,0,0,0,0,0,0,0,0,0,0,0,0
"694","Juncus_filiformis","0",1,0,0,0,0,0,0,0,0,0,0,0,0,0,0,0,0,0,0
"695","Juncus_inflexus","0",1,0,0,0,0,0,0,0,0,0,0,0,0,0,0,0,0,0,0
"696","Juncus_jacquini","0",1,0,0,0,0,0,0,0,0,0,0,0,0,0,0,0,0,0,0
"697","Juncus_trifidus","0",1,1,1,1,0,1,0,1,0,1,1,0,0,1,1,0,0,1,1
"698","Juncus_triglumis","0",1,1,1,0,0,0,0,1,0,0,0,0,0,0,0,0,0,0,0
"699","Juniperus_communis","0",1,1,0,0,0,0,0,0,0,1,1,0,0,0,1,0,0,0,0
"700","Juniperus_sabina","0",1,1,0,1,0,0,0,0,0,0,0,0,0,0,0,0,0,1,0
"701","Juniperus_sibirica","0",1,1,1,1,0,0,0,1,0,1,0,0,1,0,1,0,0,1,0
"702","Kernera_saxatilis","0",1,1,0,0,0,0,0,0,0,0,0,0,0,0,1,0,0,0,0
"703","Knautia_arvensis","0",1,0,0,0,0,0,0,0,0,0,0,0,0,0,0,0,0,0,0
"704","Knautia_dipsacifolia","1",1,0,0,0,0,0,0,0,0,0,0,0,0,0,0,0,0,0,0
"705","Knautia_NA","1",1,0,0,0,0,0,0,0,0,0,0,0,0,0,0,0,0,0,0
"706","Kobresia_curvula","0",1,1,1,1,0,0,0,1,0,0,0,1,0,0,1,0,1,0,1
"707","Kobresia_myosuroides","0",1,1,1,0,0,0,0,0,0,0,0,0,0,0,1,0,1,0,1
"708","Koeleria_cenisia","1",1,0,0,0,0,0,0,0,0,0,0,0,0,0,0,0,0,0,0
"709","Koeleria_pyramidata","0",1,0,0,0,0,0,0,0,0,0,0,0,0,0,0,0,0,0,0
"710","Koeleria_vallesiana","0",1,0,0,0,0,0,0,0,0,0,0,0,0,0,0,0,0,0,0
"711","Laburnum_alpinum","0",1,0,0,0,0,0,0,0,0,0,0,0,0,0,0,0,0,0,0
"712","Laburnum_anagyroides","0",1,0,0,0,0,0,0,0,0,0,0,0,0,0,0,0,0,0,0
"713","Lactuca_alpina","0",1,0,0,0,0,0,0,0,0,0,0,0,0,0,0,0,0,0,0
"714","Lactuca_muralis","0",1,0,0,0,0,0,0,0,0,0,0,0,0,0,0,0,0,0,0
"715","Lactuca_perennis","0",1,0,0,0,0,0,0,0,0,0,0,0,0,0,0,0,0,0,0
"716","Lactuca_serriola","0",1,0,0,0,0,0,0,0,0,0,0,0,0,0,0,0,0,0,0
"717","Lamium_amplexicaule","0",1,0,0,0,0,0,0,0,0,0,0,0,0,0,0,0,0,0,0
"718","Lamium_garganicum","0",1,0,0,0,0,0,0,0,0,0,0,0,0,0,0,0,0,0,0
"719","Lamium_maculatum","0",1,0,0,0,0,0,0,0,0,0,0,0,0,0,0,0,0,0,0
"720","Lamium_purpureum","0",1,0,0,0,0,0,0,0,0,0,0,0,0,0,0,0,0,0,0
"721","Lappula_squarrosa","0",1,0,0,0,0,0,0,0,0,0,0,0,0,0,0,0,0,0,0
"722","Lapsana_communis","0",1,0,0,0,0,0,0,0,0,0,0,0,0,0,0,0,0,0,0
"723","Larix_decidua","0",1,1,0,0,0,0,0,0,0,0,1,0,0,0,0,0,0,0,0
"724","Laserpitium_gallicum","0",1,0,0,0,0,0,0,0,0,0,0,0,0,0,0,0,0,0,0
"725","Laserpitium_halleri","1",1,0,0,0,0,0,0,0,0,0,0,0,0,0,0,0,0,0,0
"726","Laserpitium_latifolium","0",1,0,0,0,0,0,0,0,0,0,0,0,0,0,0,0,0,0,0
"727","Laserpitium_siler","0",1,0,0,0,0,0,0,0,0,0,0,0,0,0,0,0,0,0,0
"728","Lathyrus_latifolius","0",1,0,0,0,0,0,0,0,0,0,0,0,0,0,0,0,0,0,0
"729","Lathyrus_linifolius","0",1,0,0,0,0,0,0,0,0,0,0,0,0,0,0,0,0,0,0
"730","Lathyrus_ochraceus","0",1,0,0,0,0,0,0,0,0,0,0,0,0,0,0,0,0,0,0
"731","Lathyrus_pratensis","0",1,0,0,0,0,0,0,0,0,0,0,0,0,0,0,0,0,0,0
"732","Lathyrus_sphaericus","0",1,0,0,0,0,0,0,0,0,0,0,0,0,0,0,0,0,0,0
"733","Lathyrus_sylvestris","0",1,0,0,0,0,0,0,0,0,0,0,0,0,0,0,0,0,0,0
"734","Lathyrus_vernus","0",1,0,0,0,0,0,0,0,0,0,0,0,0,0,0,0,0,0,0
"735","Lavandula_angustifolia","0",1,0,0,0,0,0,0,0,0,0,0,0,0,0,0,0,0,0,0
"736","Leontodon_autumnalis","0",1,1,1,0,0,0,0,0,0,0,0,0,0,0,0,0,0,0,1
"737","Leontodon_crispus","0",1,0,0,0,0,0,0,0,0,0,0,0,0,0,0,0,0,0,0
"738","Leontodon_hirtus","0",1,0,0,0,0,0,0,0,0,0,0,0,0,0,0,0,0,0,0
"739","Leontodon_hispidus","0",1,1,0,0,0,0,0,0,0,0,0,0,0,0,1,0,0,0,0
"740","Leontodon_NA","1",1,1,0,0,0,0,0,1,0,0,0,0,0,0,1,0,0,0,0
"741","Leontodon_pyrenaicus","0",1,1,1,1,1,1,0,1,0,1,0,1,0,0,1,0,1,1,0
"742","Leontopodium_brachyactis","0",1,1,1,0,0,1,0,0,0,0,0,0,0,0,0,0,0,1,0
"743","Leontopodium_NA","0",1,1,0,0,0,1,0,0,0,0,0,0,0,0,0,0,0,0,0
"744","Lerouxia_nemorum","0",1,0,0,0,0,0,0,0,0,0,0,0,0,0,0,0,0,0,0
"745","Leucanthemopsis_alpina","0",1,1,1,1,1,1,1,1,1,1,0,1,1,1,1,1,1,1,1
"746","Leucanthemum_adustum","0",1,0,0,0,0,0,0,0,0,0,0,0,0,0,0,0,0,0,0
"747","Leucanthemum_atratum","1",1,0,0,0,0,0,0,0,0,0,0,0,0,0,0,0,0,0,0
"748","Leucanthemum_NA","1",1,1,0,0,0,0,0,0,0,0,0,0,1,0,0,0,0,0,0
"749","Leucanthemum_pallens","0",1,0,0,0,0,0,0,0,0,0,0,0,0,0,0,0,0,0,0
"750","Leucanthemum_vulgare","0",1,0,0,0,0,0,0,0,0,0,0,0,0,0,0,0,0,0,0
"751","Ligustrum_vulgare","0",1,0,0,0,0,0,0,0,0,0,0,0,0,0,0,0,0,0,0
"752","Lilium_bulbiferum","0",1,0,0,0,0,0,0,0,0,0,0,0,0,0,0,0,0,0,0
"753","Lilium_martagon","0",1,0,0,0,0,0,0,0,0,0,0,0,0,0,0,0,0,0,0
"754","Limodorum_rubrum","0",1,0,0,0,0,0,0,0,0,0,0,0,0,0,0,0,0,0,0
"755","Linaria_alpina","0",1,1,1,1,0,1,1,1,1,1,0,1,1,1,1,1,1,1,1
"756","Linaria_angustissima","0",1,0,0,0,0,0,0,0,0,0,0,0,0,0,0,0,0,0,0
"757","Linaria_repens","0",1,0,0,0,0,0,0,0,0,0,0,0,0,0,0,0,0,0,0
"758","Linaria_simplex","0",1,0,0,0,0,0,0,0,0,0,0,0,0,0,0,0,0,0,0
"759","Linum_alpinum","0",1,1,0,0,0,0,0,0,0,0,0,0,0,0,1,0,0,0,0
"760","Linum_catharticum","0",1,0,0,0,0,0,0,0,0,0,0,0,0,0,0,0,0,0,0
"761","Linum_suffruticosum","0",1,0,0,0,0,0,0,0,0,0,0,0,0,0,0,0,0,0,0
"762","Linum_tenuifolium","0",1,0,0,0,0,0,0,0,0,0,0,0,0,0,0,0,0,0,0
"763","Listera_nidus_avis","0",1,0,0,0,0,0,0,0,0,0,0,0,0,0,0,0,0,0,0
"764","Listera_ovata","0",1,0,0,0,0,0,0,0,0,0,0,0,0,0,0,0,0,0,0
"765","Lithospermum_officinale","0",1,0,0,0,0,0,0,0,0,0,0,0,0,0,0,0,0,0,0
"766","Lloydia_serotina","0",1,1,1,0,0,0,0,0,0,1,0,0,0,0,1,0,0,0,1
"767","Lolium_perenne","0",1,0,0,0,0,0,0,0,0,0,0,0,0,0,0,0,0,0,0
"768","Lomelosia_graminifolia","0",1,0,0,0,0,0,0,0,0,0,0,0,0,0,0,0,0,0,0
"769","Lonicera_caerulea","0",1,0,0,0,0,0,0,0,0,0,0,0,0,0,0,0,0,0,0
"770","Lonicera_etrusca","0",1,0,0,0,0,0,0,0,0,0,0,0,0,0,0,0,0,0,0
"771","Lonicera_nigra","0",1,0,0,0,0,0,0,0,0,0,0,0,0,0,0,0,0,0,0
"772","Lonicera_webbiana","0",1,0,0,0,0,0,0,0,0,0,0,0,0,0,0,0,0,0,0
"773","Lonicera_xylosteum","0",1,0,0,0,0,0,0,0,0,0,0,0,0,0,0,0,0,0,0
"774","Loroglossum_anthropophorum","0",1,0,0,0,0,0,0,0,0,0,0,0,0,0,0,0,0,0,0
"775","Lotus_alpinus","0",1,1,1,1,0,1,0,1,0,1,0,0,0,1,1,0,1,1,1
"776","Lotus_corniculatus","0",1,0,0,0,0,0,0,0,0,0,0,0,0,0,0,0,0,0,0
"777","Lotus_delortii","0",1,0,0,0,0,0,0,0,0,0,0,0,0,0,0,0,0,0,0
"778","Lunaria_annua","0",1,0,0,0,0,0,0,0,0,0,0,0,0,0,0,0,0,0,0
"779","Lunaria_rediviva","0",1,0,0,0,0,0,0,0,0,0,0,0,0,0,0,0,0,0,0
"780","Luzula_alpinopilosa","0",1,1,1,1,1,1,1,1,0,1,0,0,0,0,1,0,0,1,1
"781","Luzula_campestris","0",1,1,0,0,0,0,0,0,0,0,0,0,0,0,1,0,0,0,0
"782","Luzula_lutea","0",1,1,1,1,0,0,0,0,0,1,0,1,0,0,1,0,1,1,1
"783","Luzula_luzulina","0",1,0,0,0,0,0,0,0,0,0,0,0,0,0,0,0,0,0,0
"784","Luzula_maxima","0",1,1,0,1,0,0,0,0,0,0,0,1,0,0,0,0,0,0,0
"785","Luzula_multiflora","0",1,0,0,0,0,0,0,0,0,0,0,0,0,0,0,0,0,0,0
"786","Luzula_nivea","0",1,0,0,0,0,0,0,0,0,0,0,0,0,0,0,0,0,0,0
"787","Luzula_nutans","0",1,1,1,0,0,0,0,0,0,0,0,0,0,0,1,0,0,0,1
"788","Luzula_spicata","0",1,1,1,1,1,1,0,1,1,1,1,0,0,1,1,1,0,1,1
"789","Luzula_sudetica","0",1,1,0,0,0,0,0,0,0,0,0,0,0,0,1,0,0,0,0
"790","Luzula_sylvatica","0",1,0,0,0,0,0,0,0,0,0,0,0,0,0,0,0,0,0,0
"791","Lycopus_europaeus","0",1,0,0,0,0,0,0,0,0,0,0,0,0,0,0,0,0,0,0
"792","Lysimachia_arvensis","0",1,0,0,0,0,0,0,0,0,0,0,0,0,0,0,0,0,0,0
"793","Lysimachia_vulgaris","0",1,0,0,0,0,0,0,0,0,0,0,0,0,0,0,0,0,0,0
"794","Lythrum_salicaria","0",1,0,0,0,0,0,0,0,0,0,0,0,0,0,0,0,0,0,0
"795","Macrosyringion_glutinosum","0",1,0,0,0,0,0,0,0,0,0,0,0,0,0,0,0,0,0,0
"796","Maianthemum_bifolium","0",1,0,0,0,0,0,0,0,0,0,0,0,0,0,0,0,0,0,0
"797","Malus_domestica","0",1,0,0,0,0,0,0,0,0,0,0,0,0,0,0,0,0,0,0
"798","Malus_sylvestris","0",1,0,0,0,0,0,0,0,0,0,0,0,0,0,0,0,0,0,0
"799","Malva_alcea","0",1,0,0,0,0,0,0,0,0,0,0,0,0,0,0,0,0,0,0
"800","Malva_moschata","0",1,0,0,0,0,0,0,0,0,0,0,0,0,0,0,0,0,0,0
"801","Matricaria_matricarioides","0",1,0,0,0,0,0,0,0,0,0,0,0,0,0,0,0,0,0,0
"802","Medicago_lupulina","0",1,0,0,0,0,0,0,0,0,0,0,0,0,0,0,0,0,0,0
"803","Medicago_minima","0",1,0,0,0,0,0,0,0,0,0,0,0,0,0,0,0,0,0,0
"804","Medicago_sativa","0",1,0,0,0,0,0,0,0,0,0,0,0,0,0,0,0,0,0,0
"805","Melampyrum_NA","0",1,0,0,0,0,0,0,0,0,0,0,0,0,0,0,0,0,0,0
"806","Melampyrum_sylvaticum","0",1,0,0,0,0,0,0,0,0,0,0,0,0,0,0,0,0,0,0
"807","Melica_ciliata","0",1,0,0,0,0,0,0,0,0,0,0,0,0,0,0,0,0,0,0
"808","Melica_nutans","0",1,0,0,0,0,0,0,0,0,0,0,0,0,0,0,0,0,0,0
"809","Melica_uniflora","0",1,0,0,0,0,0,0,0,0,0,0,0,0,0,0,0,0,0,0
"810","Melilotus_albus","0",1,0,0,0,0,0,0,0,0,0,0,0,0,0,0,0,0,0,0
"811","Melilotus_officinalis","0",1,0,0,0,0,0,0,0,0,0,0,0,0,0,0,0,0,0,0
"812","Melittis_melissophyllum","0",1,0,0,0,0,0,0,0,0,0,0,0,0,0,0,0,0,0,0
"813","Mentha_aquatica","0",1,0,0,0,0,0,0,0,0,0,0,0,0,0,0,0,0,0,0
"814","Mentha_arvensis","0",1,0,0,0,0,0,0,0,0,0,0,0,0,0,0,0,0,0,0
"815","Mentha_longifolia","0",1,0,0,0,0,0,0,0,0,0,0,0,0,0,0,0,0,0,0
"816","Merendera_verna","0",1,0,0,0,0,0,0,0,0,0,0,0,0,0,0,0,0,0,0
"817","Meum_athamanticum","0",1,0,0,0,0,0,0,0,0,0,0,0,0,0,0,0,0,0,0
"818","Micranthes_stellaris","0",1,1,0,1,0,0,1,0,0,0,0,0,0,0,0,0,0,1,0
"819","Microthlaspi_perfoliatum","0",1,0,0,0,0,0,0,0,0,0,0,0,0,0,0,0,0,0,0
"820","Milium_effusum","0",1,0,0,0,0,0,0,0,0,0,0,0,0,0,0,0,0,0,0
"821","Minuartia_laricifolia","0",1,1,0,1,0,0,0,0,0,0,0,0,0,0,0,0,0,1,0
"822","Minuartia_oreina","0",1,1,1,0,0,0,0,0,1,0,0,0,0,0,0,0,0,0,0
"823","Minuartia_rostrata","0",1,0,0,0,0,0,0,0,0,0,0,0,0,0,0,0,0,0,0
"824","Minuartia_rupestris","1",1,0,0,0,0,0,0,0,0,0,0,0,0,0,0,0,0,0,0
"825","Minuartia_sedoides","0",1,1,1,1,0,1,1,1,1,1,0,1,1,1,1,0,1,0,1
"826","Minuartia_verna","0",1,1,1,1,1,1,1,1,0,0,0,0,0,1,1,0,1,0,1
"827","Minuartia_villarii","0",1,0,0,0,0,0,0,0,0,0,0,0,0,0,0,0,0,0,0
"828","Moehringia_muscosa","0",1,0,0,0,0,0,0,0,0,0,0,0,0,0,0,0,0,0,0
"829","Moehringia_trinervia","0",1,0,0,0,0,0,0,0,0,0,0,0,0,0,0,0,0,0,0
"830","Molinia_caerulea","0",1,0,0,0,0,0,0,0,0,0,0,0,0,0,0,0,0,0,0
"831","Moneses_uniflora","0",1,0,0,0,0,0,0,0,0,0,0,0,0,0,0,0,0,0,0
"832","Monotropa_hypopitys","0",1,0,0,0,0,0,0,0,0,0,0,0,0,0,0,0,0,0,0
"833","Murbeckiella_pinnatifida","0",1,1,1,1,1,0,0,0,1,1,0,1,0,0,1,0,0,0,1
"834","Muscari_comosum","0",1,0,0,0,0,0,0,0,0,0,0,0,0,0,0,0,0,0,0
"835","Muscari_neglectum","0",1,0,0,0,0,0,0,0,0,0,0,0,0,0,0,0,0,0,0
"836","Mutellina_adonidifolia","0",1,0,0,0,0,0,0,0,0,0,0,0,0,0,0,0,0,0,0
"837","Myosotis_alpestris","0",1,1,1,1,0,1,0,0,1,0,0,1,0,0,1,0,1,1,1
"838","Myosotis_arvensis","0",1,0,0,0,0,0,0,0,0,0,0,0,0,0,0,0,0,0,0
"839","Myosotis_corsicana","0",1,0,0,0,0,0,0,0,0,0,0,0,0,0,0,0,0,0,0
"840","Myosotis_decumbens","0",1,1,1,0,0,0,0,0,0,0,0,0,0,0,0,0,0,0,1
"841","Myosotis_NA","1",1,0,0,0,0,0,0,0,0,0,0,0,0,0,0,0,0,0,0
"842","Myosotis_ramosissima","0",1,0,0,0,0,0,0,0,0,0,0,0,0,0,0,0,0,0,0
"843","Myosotis_stricta","0",1,0,0,0,0,0,0,0,0,0,0,0,0,0,0,0,0,0,0
"844","Myricaria_germanica","0",1,0,0,0,0,0,0,0,0,0,0,0,0,0,0,0,0,0,0
"845","Narcissus_poeticus","0",1,0,0,0,0,0,0,0,0,0,0,0,0,0,0,0,0,0,0
"846","Nardus_stricta","0",1,1,1,1,1,0,0,1,0,0,0,0,0,0,1,0,0,1,0
"847","Nasturtium_officinale","0",1,0,0,0,0,0,0,0,0,0,0,0,0,0,0,0,0,0,0
"848","Neotinea_ustulata","0",1,0,0,0,0,0,0,0,0,0,0,0,0,0,0,0,0,0,0
"849","Nepeta_nuda","0",1,0,0,0,0,0,0,0,0,0,0,0,0,0,0,0,0,0,0
"850","Noccaea_caerulescens","0",1,0,0,0,0,0,0,0,0,0,0,0,0,0,0,0,0,0,0
"851","Noccaea_rotundifolia","1",1,1,1,0,0,0,0,1,0,0,0,0,0,0,1,0,1,0,1
"852","Odontites_NA","0",1,0,0,0,0,0,0,0,0,0,0,0,0,0,0,0,0,0,0
"853","Omalotheca_NA","0",1,1,1,0,0,0,0,0,0,1,0,0,0,0,0,0,0,0,0
"854","Onobrychis_saxatilis","0",1,0,0,0,0,0,0,0,0,0,0,0,0,0,0,0,0,0,0
"855","Onobrychis_viciifolia","0",1,0,0,0,0,0,0,0,0,0,0,0,0,0,0,0,0,0,0
"856","Ononis_arvensis","0",1,0,0,0,0,0,0,0,0,0,0,0,0,0,0,0,0,0,0
"857","Ononis_cristata","0",1,0,0,0,0,0,0,0,0,0,0,0,0,0,0,0,0,0,0
"858","Ononis_fruticosa","0",1,0,0,0,0,0,0,0,0,0,0,0,0,0,0,0,0,0,0
"859","Ononis_natrix","0",1,0,0,0,0,0,0,0,0,0,0,0,0,0,0,0,0,0,0
"860","Ononis_pusilla","0",1,0,0,0,0,0,0,0,0,0,0,0,0,0,0,0,0,0,0
"861","Ononis_rotundifolia","0",1,0,0,0,0,0,0,0,0,0,0,0,0,0,0,0,0,0,0
"862","Ophioglossum_vulgatum","0",1,0,0,0,0,0,0,0,0,0,0,0,0,0,0,0,0,0,0
"863","Ophrys_fuciflora","0",1,0,0,0,0,0,0,0,0,0,0,0,0,0,0,0,0,0,0
"864","Ophrys_insectifera","0",1,0,0,0,0,0,0,0,0,0,0,0,0,0,0,0,0,0,0
"865","Ophrys_sphegodes","0",1,0,0,0,0,0,0,0,0,0,0,0,0,0,0,0,0,0,0
"866","Orchis_mascula","0",1,0,0,0,0,0,0,0,0,0,0,0,0,0,0,0,0,0,0
"867","Orchis_militaris","0",1,0,0,0,0,0,0,0,0,0,0,0,0,0,0,0,0,0,0
"868","Orchis_purpurea","0",1,0,0,0,0,0,0,0,0,0,0,0,0,0,0,0,0,0,0
"869","Orchites_globosa","0",1,0,0,0,0,0,0,0,0,0,0,0,0,0,0,0,0,0,0
"870","Oreoselinum_nigrum","0",1,0,0,0,0,0,0,0,0,0,0,0,0,0,0,0,0,0,0
"871","Origanum_vulgare","0",1,0,0,0,0,0,0,0,0,0,0,0,0,0,0,0,0,0,0
"872","Orlaya_grandiflora","0",1,0,0,0,0,0,0,0,0,0,0,0,0,0,0,0,0,0,0
"873","Ornithogalum_umbellatum","0",1,0,0,0,0,0,0,0,0,0,0,0,0,0,0,0,0,0,0
"874","Orobanche_caryophyllacea","0",1,0,0,0,0,0,0,0,0,0,0,0,0,0,0,0,0,0,0
"875","Orobanche_laserpitii","0",1,0,0,0,0,0,0,0,0,0,0,0,0,0,0,0,0,0,0
"876","Orobanche_major","0",1,0,0,0,0,0,0,0,0,0,0,0,0,0,0,0,0,0,0
"877","Orobanche_NA","1",1,0,0,0,0,0,0,0,0,0,0,0,0,0,0,0,0,0,0
"878","Orobanche_purpurea","0",1,0,0,0,0,0,0,0,0,0,0,0,0,0,0,0,0,0,0
"879","Orobanche_teucrii","0",1,0,0,0,0,0,0,0,0,0,0,0,0,0,0,0,0,0,0
"880","Orthantha_lutea","0",1,0,0,0,0,0,0,0,0,0,0,0,0,0,0,0,0,0,0
"881","Orthilia_secunda","0",1,0,0,0,0,0,0,0,0,0,0,0,0,0,0,0,0,0,0
"882","Oxalis_acetosella","0",1,0,0,0,0,0,0,0,0,0,0,0,0,0,0,0,0,0,0
"883","Oxalis_fontana","0",1,0,0,0,0,0,0,0,0,0,0,0,0,0,0,0,0,0,0
"884","Oxyria_digyna","0",1,1,1,1,0,1,1,0,1,0,0,1,0,0,1,0,0,1,1
"885","Oxytropis_campestris","1",1,1,1,1,0,0,0,0,0,0,0,0,0,1,1,0,1,0,1
"886","Oxytropis_fetida","1",1,0,0,0,0,0,0,0,0,0,0,0,0,0,0,0,0,0,0
"887","Oxytropis_helvetica","1",1,1,1,0,0,0,0,0,0,0,0,0,0,0,1,0,0,0,0
"888","Oxytropis_jacquini","0",1,0,0,0,0,0,0,0,0,0,0,0,0,0,0,0,0,0,0
"889","Oxytropis_lapponica","0",1,1,0,0,0,0,0,0,0,0,0,0,0,0,1,0,0,0,1
"890","Oxytropis_NA","0",1,0,0,0,0,0,0,0,0,0,0,0,0,0,0,0,0,0,0
"891","Oxytropis_pilosa","0",1,0,0,0,0,0,0,0,0,0,0,0,0,0,0,0,0,0,0
"892","Pachypleurum_NA","0",1,1,1,1,1,1,0,1,0,1,0,1,0,0,1,0,1,0,1
"893","Padus_avium","0",1,0,0,0,0,0,0,0,0,0,0,0,0,0,0,0,0,0,0
"894","Paeonia_officinalis","0",1,0,0,0,0,0,0,0,0,0,0,0,0,0,0,0,0,0,0
"895","Papaver_alpinum","1",1,0,0,0,0,0,0,0,0,0,0,0,0,0,0,0,0,0,0
"896","Papaver_aurantiacum","0",1,1,1,0,0,0,0,0,0,0,0,0,0,0,0,0,0,0,1
"897","Papaver_dubium","0",1,0,0,0,0,0,0,0,0,0,0,0,0,0,0,0,0,0,0
"898","Parageum_montanum","0",1,1,1,1,1,0,0,1,0,0,0,0,0,0,1,0,1,1,1
"899","Paris_quadrifolia","0",1,0,0,0,0,0,0,0,0,0,0,0,0,0,0,0,0,0,0
"900","Parnassia_palustris","0",1,0,0,0,0,0,0,0,0,0,0,0,0,0,0,0,0,0,0
"901","Paronychia_kapela","1",1,0,0,0,0,0,0,0,0,0,0,0,0,0,0,0,0,0,0
"902","Paronychia_polygonifolia","0",1,1,0,1,0,0,0,0,0,0,0,0,0,0,0,0,0,1,0
"903","Pastinaca_sativa","0",1,0,0,0,0,0,0,0,0,0,0,0,0,0,0,0,0,0,0
"904","Patzkea_paniculata","0",1,0,0,0,0,0,0,0,0,0,0,0,0,0,0,0,0,0,0
"905","Pedicularis_comosa","0",1,0,0,0,0,0,0,0,0,0,0,0,0,0,0,0,0,0,0
"906","Pedicularis_foliosa","0",1,0,0,0,0,0,0,0,0,0,0,0,0,0,0,0,0,0,0
"907","Pedicularis_gyroflexa","1",1,0,0,0,0,0,0,0,0,0,0,0,0,0,0,0,0,0,0
"908","Pedicularis_kerneri","0",1,1,1,1,0,1,0,0,1,1,0,1,0,1,0,0,0,1,0
"909","Pedicularis_NA","1",1,0,0,0,0,0,0,0,0,0,0,0,0,0,0,0,0,0,0
"910","Pedicularis_rostratospicata","1",1,1,1,0,0,0,0,0,0,0,0,0,0,0,1,0,0,0,1
"911","Pedicularis_tuberosa","0",1,1,1,0,0,0,0,1,0,0,0,0,0,0,1,0,0,0,0
"912","Pedicularis_verticillata","0",1,1,1,0,0,0,0,0,0,0,0,0,0,0,0,0,0,0,1
"913","Persicaria_amphibia","0",1,0,0,0,0,0,0,0,0,0,0,0,0,0,0,0,0,0,0
"914","Persicaria_lapathifolia","0",1,0,0,0,0,0,0,0,0,0,0,0,0,0,0,0,0,0,0
"915","Persicaria_maculosa","0",1,0,0,0,0,0,0,0,0,0,0,0,0,0,0,0,0,0,0
"916","Persicaria_mitis","0",1,0,0,0,0,0,0,0,0,0,0,0,0,0,0,0,0,0,0
"917","Petasites_albus","0",1,0,0,0,0,0,0,0,0,0,0,0,0,0,0,0,0,0,0
"918","Petasites_hybridus","0",1,0,0,0,0,0,0,0,0,0,0,0,0,0,0,0,0,0,0
"919","Petasites_paradoxus","0",1,0,0,0,0,0,0,0,0,0,0,0,0,0,0,0,0,0,0
"920","Petrorhagia_prolifera","0",1,0,0,0,0,0,0,0,0,0,0,0,0,0,0,0,0,0,0
"921","Petrorhagia_saxifraga","0",1,0,0,0,0,0,0,0,0,0,0,0,0,0,0,0,0,0,0
"922","Phaca_hypoglottis","0",1,0,0,0,0,0,0,0,0,0,0,0,0,0,0,0,0,0,0
"923","Phegopteris_connectilis","0",1,0,0,0,0,0,0,0,0,0,0,0,0,0,0,0,0,0,0
"924","Phleum_alpinum","0",1,1,1,1,0,0,0,0,0,0,0,0,0,0,1,0,0,1,1
"925","Phleum_phleoides","0",1,0,0,0,0,0,0,0,0,0,0,0,0,0,0,0,0,0,0
"926","Phleum_pratense","0",1,0,0,0,0,0,0,0,0,0,0,0,0,0,0,0,0,0,0
"927","Phragmites_australis","0",1,0,0,0,0,0,0,0,0,0,0,0,0,0,0,0,0,0,0
"928","Phyteuma_michelii","1",1,1,1,0,0,0,0,0,0,0,0,0,0,0,1,0,0,0,0
"929","Phyteuma_ovatum","0",1,0,0,0,0,0,0,0,0,0,0,0,0,0,0,0,0,0,0
"930","Phyteuma_scheuchzeri","0",1,0,0,0,0,0,0,0,0,0,0,0,0,0,0,0,0,0,0
"931","Phyteuma_scorzonerifolium","1",1,0,0,0,0,0,0,0,0,0,0,0,0,0,0,0,0,0,0
"932","Phyteuma_spicatum","0",1,0,0,0,0,0,0,0,0,0,0,0,0,0,0,0,0,0,0
"933","Picea_abies","0",1,0,0,0,0,0,0,0,0,0,0,0,0,0,0,0,0,0,0
"934","Picris_hieracioides","0",1,0,0,0,0,0,0,0,0,0,0,0,0,0,0,0,0,0,0
"935","Pilosella_peleteriana","0",1,1,1,0,0,0,0,1,0,0,0,0,0,0,0,0,0,0,0
"936","Pimpinella_major","0",1,0,0,0,0,0,0,0,0,0,0,0,0,0,0,0,0,0,0
"937","Pimpinella_saxifraga","0",1,0,0,0,0,0,0,0,0,0,0,0,0,0,0,0,0,0,0
"938","Pinguicula_alpina","0",1,0,0,0,0,0,0,0,0,0,0,0,0,0,0,0,0,0,0
"939","Pinguicula_vulgaris","0",1,1,1,0,0,0,0,1,0,0,0,0,0,0,0,0,0,0,0
"940","Pinus_mugo","0",1,0,0,0,0,0,0,0,0,0,0,0,0,0,0,0,0,0,0
"941","Pinus_nigra","0",1,0,0,0,0,0,0,0,0,0,0,0,0,0,0,0,0,0,0
"942","Pinus_sylvestris","0",1,0,0,0,0,0,0,0,0,0,0,0,0,0,0,0,0,0,0
"943","Pisum_heterophyllum","0",1,0,0,0,0,0,0,0,0,0,0,0,0,0,0,0,0,0,0
"944","Plantago_atrata","0",1,0,0,0,0,0,0,0,0,0,0,0,0,0,0,0,0,0,0
"945","Plantago_holosteum","0",1,0,0,0,0,0,0,0,0,0,0,0,0,0,0,0,0,0,0
"946","Plantago_lanceolata","0",1,0,0,0,0,0,0,0,0,0,0,0,0,0,0,0,0,0,0
"947","Plantago_major","0",1,0,0,0,0,0,0,0,0,0,0,0,0,0,0,0,0,0,0
"948","Plantago_maritima","0",1,1,0,0,0,0,0,0,0,0,1,0,0,0,0,0,0,0,0
"949","Plantago_media","0",1,0,0,0,0,0,0,0,0,0,0,0,0,0,0,0,0,0,0
"950","Plantago_neumannii","0",1,1,1,0,1,0,0,1,0,1,0,0,0,0,1,0,1,0,1
"951","Plantago_sempervirens","0",1,0,0,0,0,0,0,0,0,0,0,0,0,0,0,0,0,0,0
"952","Platanthera_chlorantha","0",1,0,0,0,0,0,0,0,0,0,0,0,0,0,0,0,0,0,0
"953","Pleisolirion_liliastrum","0",1,0,0,0,0,0,0,0,0,0,0,0,0,0,0,0,0,0,0
"954","Pleurospermum_austriacum","0",1,0,0,0,0,0,0,0,0,0,0,0,0,0,0,0,0,0,0
"955","Poa_alpina","0",1,1,1,1,1,1,1,1,1,1,0,1,0,1,1,0,1,1,1
"956","Poa_annua","0",1,1,1,0,0,0,0,0,0,0,0,0,0,0,0,0,0,1,0
"957","Poa_badensis","0",1,0,0,0,0,0,0,0,0,0,0,0,0,0,0,0,0,0,0
"958","Poa_bulbosa","0",1,0,0,0,0,0,0,0,0,0,0,0,0,0,0,0,0,0,0
"959","Poa_cenisia","1",1,1,1,1,1,0,1,0,0,0,0,0,0,0,1,0,0,1,1
"960","Poa_chaixii","0",1,0,0,0,0,0,0,0,0,0,0,0,0,0,0,0,0,0,0
"961","Poa_glauca","0",1,0,0,0,0,0,0,0,0,0,0,0,0,0,0,0,0,0,0
"962","Poa_laxa","0",1,1,1,1,1,1,1,0,1,1,0,0,1,0,1,1,0,1,1
"963","Poa_nemoralis","0",1,1,0,0,0,0,0,0,0,0,0,0,0,0,1,0,0,0,0
"964","Poa_perconcinna","0",1,0,0,0,0,0,0,0,0,0,0,0,0,0,0,0,0,0,0
"965","Poa_pratensis","0",1,0,0,0,0,0,0,0,0,0,0,0,0,0,0,0,0,0,0
"966","Poa_supina","0",1,1,1,0,0,0,0,0,0,0,0,0,0,0,1,0,0,0,1
"967","Poa_trivialis","0",1,0,0,0,0,0,0,0,0,0,0,0,0,0,0,0,0,0,0
"968","Polichia_galeobdolon","0",1,0,0,0,0,0,0,0,0,0,0,0,0,0,0,0,0,0,0
"969","Polycnemum_majus","0",1,0,0,0,0,0,0,0,0,0,0,0,0,0,0,0,0,0,0
"970","Polygala_alpestris","0",1,1,0,0,0,0,0,0,0,0,0,0,0,0,1,0,0,0,0
"971","Polygala_alpina","0",1,1,1,0,0,0,0,0,0,0,0,0,0,0,0,0,0,0,1
"972","Polygala_amarella","0",1,0,0,0,0,0,0,0,0,0,0,0,0,0,0,0,0,0,0
"973","Polygala_calcarea","0",1,0,0,0,0,0,0,0,0,0,0,0,0,0,0,0,0,0,0
"974","Polygala_chamaebuxus","0",1,0,0,0,0,0,0,0,0,0,0,0,0,0,0,0,0,0,0
"975","Polygala_comosa","0",1,0,0,0,0,0,0,0,0,0,0,0,0,0,0,0,0,0,0
"976","Polygala_vulgaris","0",1,0,0,0,0,0,0,0,0,0,0,0,0,0,0,0,0,0,0
"977","Polygonatum_odoratum","0",1,0,0,0,0,0,0,0,0,0,0,0,0,0,0,0,0,0,0
"978","Polygonatum_verticillatum","0",1,0,0,0,0,0,0,0,0,0,0,0,0,0,0,0,0,0,0
"979","Polygonum_alpinum","0",1,0,0,0,0,0,0,0,0,0,0,0,0,0,0,0,0,0,0
"980","Polygonum_aviculare","0",1,1,1,0,0,0,0,0,0,0,0,0,0,0,0,0,0,1,0
"981","Polygonum_viviparum","0",1,1,0,0,0,0,0,0,0,0,0,0,0,0,1,0,0,0,1
"982","Polypodium_interjectum","0",1,0,0,0,0,0,0,0,0,0,0,0,0,0,0,0,0,0,0
"983","Polypodium_vulgare","0",1,0,0,0,0,0,0,0,0,0,0,0,0,0,0,0,0,0,0
"984","Polystichum_aculeatum","0",1,0,0,0,0,0,0,0,0,0,0,0,0,0,0,0,0,0,0
"985","Polystichum_lonchitis","0",1,1,1,1,0,0,0,1,1,0,0,0,0,0,1,0,0,1,1
"986","Populus_alba","0",1,0,0,0,0,0,0,0,0,0,0,0,0,0,0,0,0,0,0
"987","Populus_nigra","0",1,0,0,0,0,0,0,0,0,0,0,0,0,0,0,0,0,0,0
"988","Populus_tremula","0",1,0,0,0,0,0,0,0,0,0,0,0,0,0,0,0,0,0,0
"989","Porrum_sphaerocephaluon","0",1,0,0,0,0,0,0,0,0,0,0,0,0,0,0,0,0,0,0
"990","Potamogeton_alpinus","0",1,0,0,0,0,0,0,0,0,0,0,0,0,0,0,0,0,0,0
"991","Potentilla_argentea","0",1,0,0,0,0,0,0,0,0,0,0,0,0,0,0,0,0,0,0
"992","Potentilla_aurea","0",1,1,1,0,1,0,0,0,0,0,0,0,0,0,0,0,1,0,0
"993","Potentilla_caulescens","0",1,0,0,0,0,0,0,0,0,0,0,0,0,0,0,0,0,0,0
"994","Potentilla_chrysantha","0",1,0,0,0,0,0,0,0,0,0,0,0,0,0,0,0,0,0,0
"995","Potentilla_cinerea","0",1,0,0,0,0,0,0,0,0,0,0,0,0,0,0,0,0,0,0
"996","Potentilla_crantzii","0",1,1,1,1,0,0,0,1,0,0,0,0,0,0,1,0,0,1,1
"997","Potentilla_erecta","0",1,0,0,0,0,0,0,0,0,0,0,0,0,0,0,0,0,0,0
"998","Potentilla_frigida","0",1,1,1,0,0,0,0,1,0,1,0,0,0,0,0,1,0,0,1
"999","Potentilla_grandiflora","0",1,1,1,1,0,0,0,1,0,1,0,0,0,0,1,0,0,1,0
"1000","Potentilla_hirta","0",1,0,0,0,0,0,0,0,0,0,0,0,0,0,0,0,0,0,0
"1001","Potentilla_inclinata","0",1,0,0,0,0,0,0,0,0,0,0,0,0,0,0,0,0,0,0
"1002","Potentilla_NA","1",1,0,0,0,0,0,0,0,0,0,0,0,0,0,0,0,0,0,0
"1003","Potentilla_neumanniana","0",1,0,0,0,0,0,0,0,0,0,0,0,0,0,0,0,0,0,0
"1004","Potentilla_nivalis","0",1,1,0,0,0,0,0,0,0,0,0,0,0,0,1,0,0,0,0
"1005","Potentilla_reptans","0",1,0,0,0,0,0,0,0,0,0,0,0,0,0,0,0,0,0,0
"1006","Potentilla_rupestris","0",1,0,0,0,0,0,0,0,0,0,0,0,0,0,0,0,0,0,0
"1007","Prenanthes_purpurea","0",1,0,0,0,0,0,0,0,0,0,0,0,0,0,0,0,0,0,0
"1008","Primula_elatior","0",1,0,0,0,0,0,0,0,0,0,0,0,0,0,0,0,0,0,0
"1009","Primula_farinosa","0",1,0,0,0,0,0,0,0,0,0,0,0,0,0,0,0,0,0,0
"1010","Primula_hirsuta","0",1,1,1,1,0,0,0,1,0,1,0,1,0,0,1,0,0,1,1
"1011","Primula_latifolia","0",1,0,0,0,0,0,0,0,0,0,0,0,0,0,0,0,0,0,0
"1012","Primula_pedemontana","0",1,1,1,0,0,0,0,1,0,0,0,0,0,0,0,0,0,0,0
"1013","Primula_veris","0",1,0,0,0,0,0,0,0,0,0,0,0,0,0,0,0,0,0,0
"1014","Primula_vulgaris","0",1,0,0,0,0,0,0,0,0,0,0,0,0,0,0,0,0,0,0
"1015","Prunella_grandiflora","0",1,0,0,0,0,0,0,0,0,0,0,0,0,0,0,0,0,0,0
"1016","Prunella_laciniata","0",1,0,0,0,0,0,0,0,0,0,0,0,0,0,0,0,0,0,0
"1017","Prunella_vulgaris","0",1,0,0,0,0,0,0,0,0,0,0,0,0,0,0,0,0,0,0
"1018","Prunus_domestica","0",1,0,0,0,0,0,0,0,0,0,0,0,0,0,0,0,0,0,0
"1019","Prunus_mahaleb","0",1,0,0,0,0,0,0,0,0,0,0,0,0,0,0,0,0,0,0
"1020","Prunus_spinosa","0",1,0,0,0,0,0,0,0,0,0,0,0,0,0,0,0,0,0,0
"1021","Pseudorchis_albida","0",1,0,0,0,0,0,0,0,0,0,0,0,0,0,0,0,0,0,0
"1022","Pseudoturritis_turrita","0",1,0,0,0,0,0,0,0,0,0,0,0,0,0,0,0,0,0,0
"1023","Ptarmica_macrophylla","0",1,0,0,0,0,0,0,0,0,0,0,0,0,0,0,0,0,0,0
"1024","Ptarmica_nana","1",1,1,1,1,0,1,0,1,1,1,0,1,0,1,1,0,1,1,1
"1025","Pteridium_aquilinum","0",1,0,0,0,0,0,0,0,0,0,0,0,0,0,0,0,0,0,0
"1026","Pteroselinum_austriacum","0",1,0,0,0,0,0,0,0,0,0,0,0,0,0,0,0,0,0,0
"1027","Ptychotis_saxifraga","0",1,0,0,0,0,0,0,0,0,0,0,0,0,0,0,0,0,0,0
"1028","Pulmonaria_angustifolia","0",1,0,0,0,0,0,0,0,0,0,0,0,0,0,0,0,0,0,0
"1029","Pulmonaria_longifolia","0",1,0,0,0,0,0,0,0,0,0,0,0,0,0,0,0,0,0,0
"1030","Pulmonaria_montana","0",1,0,0,0,0,0,0,0,0,0,0,0,0,0,0,0,0,0,0
"1031","Pulmonaria_saccharata","0",1,0,0,0,0,0,0,0,0,0,0,0,0,0,0,0,0,0,0
"1032","Pulsatilla_alpina","1",1,0,0,0,0,0,0,0,0,0,0,0,0,0,0,0,0,0,0
"1033","Pulsatilla_halleri","1",1,0,0,0,0,0,0,0,0,0,0,0,0,0,0,0,0,0,0
"1034","Pulsatilla_montana","0",1,0,0,0,0,0,0,0,0,0,0,0,0,0,0,0,0,0,0
"1035","Pulsatilla_vernalis","0",1,1,1,0,0,0,0,0,0,0,0,0,0,0,0,0,1,0,0
"1036","Pyrola_chlorantha","0",1,0,0,0,0,0,0,0,0,0,0,0,0,0,0,0,0,0,0
"1037","Pyrola_media","0",1,0,0,0,0,0,0,0,0,0,0,0,0,0,0,0,0,0,0
"1038","Pyrola_minor","0",1,0,0,0,0,0,0,0,0,0,0,0,0,0,0,0,0,0,0
"1039","Pyrola_rotundifolia","0",1,0,0,0,0,0,0,0,0,0,0,0,0,0,0,0,0,0,0
"1040","Pyrus_pyraster","0",1,0,0,0,0,0,0,0,0,0,0,0,0,0,0,0,0,0,0
"1041","Pythius_dulcis","0",1,0,0,0,0,0,0,0,0,0,0,0,0,0,0,0,0,0,0
"1042","Quercus_petraea","0",1,0,0,0,0,0,0,0,0,0,0,0,0,0,0,0,0,0,0
"1043","Quercus_pubescens","0",1,0,0,0,0,0,0,0,0,0,0,0,0,0,0,0,0,0,0
"1044","Quercus_robur","0",1,0,0,0,0,0,0,0,0,0,0,0,0,0,0,0,0,0,0
"1045","Ranunculus_aconitifolius","0",1,0,0,0,0,0,0,0,0,0,0,0,0,0,0,0,0,0,0
"1046","Ranunculus_acris","0",1,0,0,0,0,0,0,0,0,0,0,0,0,0,0,0,0,0,0
"1047","Ranunculus_aduncus","0",1,0,0,0,0,0,0,0,0,0,0,0,0,0,0,0,0,0,0
"1048","Ranunculus_arvensis","0",1,0,0,0,0,0,0,0,0,0,0,0,0,0,0,0,0,0,0
"1049","Ranunculus_auricomus","0",1,0,0,0,0,0,0,0,0,0,0,0,0,0,0,0,0,0,0
"1050","Ranunculus_bulbosus","0",1,0,0,0,0,0,0,0,0,0,0,0,0,0,0,0,0,0,0
"1051","Ranunculus_glacialis","0",1,1,1,1,0,1,1,0,1,1,1,1,1,1,1,1,1,1,1
"1052","Ranunculus_gramineus","0",1,0,0,0,0,0,0,0,0,0,0,0,0,0,0,0,0,0,0
"1053","Ranunculus_grenierianus","0",1,1,1,0,0,0,0,0,0,0,0,0,0,0,0,0,0,1,0
"1054","Ranunculus_kuepferi","0",1,0,0,0,0,0,0,0,0,0,0,0,0,0,0,0,0,0,0
"1055","Ranunculus_lanuginosus","0",1,0,0,0,0,0,0,0,0,0,0,0,0,0,0,0,0,0,0
"1056","Ranunculus_montanus","0",1,1,1,0,0,0,0,0,0,1,0,0,0,0,1,0,0,0,0
"1057","Ranunculus_parnassifolius","0",1,1,0,0,0,0,0,0,0,0,0,0,0,0,1,0,0,0,0
"1058","Ranunculus_platanifolius","0",1,0,0,0,0,0,0,0,0,0,0,0,0,0,0,0,0,0,0
"1059","Ranunculus_polyanthemos","0",1,0,0,0,0,0,0,0,0,0,0,0,0,0,0,0,0,0,0
"1060","Ranunculus_pyrenaeus","0",1,0,0,0,0,0,0,0,0,0,0,0,0,0,0,0,0,0,0
"1061","Ranunculus_repens","0",1,0,0,0,0,0,0,0,0,0,0,0,0,0,0,0,0,0,0
"1062","Ranunculus_seguieri","0",1,0,0,0,0,0,0,0,0,0,0,0,0,0,0,0,0,0,0
"1063","Ranunculus_trichophyllus","0",1,0,0,0,0,0,0,0,0,0,0,0,0,0,0,0,0,0,0
"1064","Ranunculus_tuberosus","0",1,0,0,0,0,0,0,0,0,0,0,0,0,0,0,0,0,0,0
"1065","Rapunculus_hemisphaericus","0",1,1,1,1,1,1,0,1,1,1,0,1,0,1,1,0,0,1,1
"1066","Rapunculus_orbicularis","0",1,1,1,0,0,0,0,0,0,0,0,0,0,0,0,0,0,0,1
"1067","Rapunculus_spicatus","0",1,0,0,0,0,0,0,0,0,0,0,0,0,0,0,0,0,0,0
"1068","Reseda_lutea","0",1,0,0,0,0,0,0,0,0,0,0,0,0,0,0,0,0,0,0
"1069","Reseda_phyteuma","0",1,0,0,0,0,0,0,0,0,0,0,0,0,0,0,0,0,0,0
"1070","Rhamnus_alpina","0",1,0,0,0,0,0,0,0,0,0,0,0,0,0,0,0,0,0,0
"1071","Rhamnus_cathartica","0",1,0,0,0,0,0,0,0,0,0,0,0,0,0,0,0,0,0,0
"1072","Rhamnus_pumila","0",1,1,0,0,0,0,0,0,0,0,0,0,0,0,1,0,0,0,0
"1073","Rhamnus_saxatilis","0",1,0,0,0,0,0,0,0,0,0,0,0,0,0,0,0,0,0,0
"1074","Rhaponticum_NA","0",1,0,0,0,0,0,0,0,0,0,0,0,0,0,0,0,0,0,0
"1075","Rhinanthus_alectorolophus","0",1,0,0,0,0,0,0,0,0,0,0,0,0,0,0,0,0,0,0
"1076","Rhinanthus_glacialis","0",1,0,0,0,0,0,0,0,0,0,0,0,0,0,0,0,0,0,0
"1077","Rhinanthus_minor","0",1,0,0,0,0,0,0,0,0,0,0,0,0,0,0,0,0,0,0
"1078","Rhinanthus_NA","1",1,0,0,0,0,0,0,0,0,0,0,0,0,0,0,0,0,0,0
"1079","Rhododendron_ferrugineum","0",1,1,1,0,1,0,0,1,0,1,0,0,0,0,1,0,0,0,0
"1080","Rhynchopera_paniculata","0",1,0,0,0,0,0,0,0,0,0,0,0,0,0,0,0,0,0,0
"1081","Ribes_alpinum","0",1,0,0,0,0,0,0,0,0,0,0,0,0,0,0,0,0,0,0
"1082","Ribes_carpaticum","0",1,0,0,0,0,0,0,0,0,0,0,0,0,0,0,0,0,0,0
"1083","Ribes_uva_crispa","0",1,0,0,0,0,0,0,0,0,0,0,0,0,0,0,0,0,0,0
"1084","Rorippa_amphibia","0",1,0,0,0,0,0,0,0,0,0,0,0,0,0,0,0,0,0,0
"1085","Rorippa_islandica","0",1,0,0,0,0,0,0,0,0,0,0,0,0,0,0,0,0,0,0
"1086","Rorippa_NA","0",1,0,0,0,0,0,0,0,0,0,0,0,0,0,0,0,0,0,0
"1087","Rorippa_sylvestris","0",1,0,0,0,0,0,0,0,0,0,0,0,0,0,0,0,0,0,0
"1088","Rosa_agrestis","0",1,0,0,0,0,0,0,0,0,0,0,0,0,0,0,0,0,0,0
"1089","Rosa_caesia","0",1,0,0,0,0,0,0,0,0,0,0,0,0,0,0,0,0,0,0
"1090","Rosa_canina","0",1,0,0,0,0,0,0,0,0,0,0,0,0,0,0,0,0,0,0
"1091","Rosa_dumalis","0",1,0,0,0,0,0,0,0,0,0,0,0,0,0,0,0,0,0,0
"1092","Rosa_elliptica","0",1,0,0,0,0,0,0,0,0,0,0,0,0,0,0,0,0,0,0
"1093","Rosa_ferruginea","0",1,0,0,0,0,0,0,0,0,0,0,0,0,0,0,0,0,0,0
"1094","Rosa_micrantha","0",1,0,0,0,0,0,0,0,0,0,0,0,0,0,0,0,0,0,0
"1095","Rosa_montana","0",1,0,0,0,0,0,0,0,0,0,0,0,0,0,0,0,0,0,0
"1096","Rosa_NA","1",1,0,0,0,0,0,0,0,0,0,0,0,0,0,0,0,0,0,0
"1097","Rosa_pendulina","0",1,0,0,0,0,0,0,0,0,0,0,0,0,0,0,0,0,0,0
"1098","Rosa_rubiginosa","0",1,0,0,0,0,0,0,0,0,0,0,0,0,0,0,0,0,0,0
"1099","Rosa_spinosissima","0",1,0,0,0,0,0,0,0,0,0,0,0,0,0,0,0,0,0,0
"1100","Rosa_villosa","0",1,0,0,0,0,0,0,0,0,0,0,0,0,0,0,0,0,0,0
"1101","Rubus_caesius","0",1,0,0,0,0,0,0,0,0,0,0,0,0,0,0,0,0,0,0
"1102","Rubus_fruticosus","0",1,0,0,0,0,0,0,0,0,0,0,0,0,0,0,0,0,0,0
"1103","Rubus_gremlii","0",1,0,0,0,0,0,0,0,0,0,0,0,0,0,0,0,0,0,0
"1104","Rubus_idaeus","0",1,1,1,1,0,0,0,0,0,0,0,0,0,0,0,0,0,1,0
"1105","Rubus_pruinosus","0",1,0,0,0,0,0,0,0,0,0,0,0,0,0,0,0,0,0,0
"1106","Rubus_saxatilis","0",1,1,0,1,0,0,0,0,0,0,0,0,0,0,0,0,0,1,0
"1107","Rubus_tomentosus","0",1,0,0,0,0,0,0,0,0,0,0,0,0,0,0,0,0,0,0
"1108","Rubus_ulmifolius","0",1,0,0,0,0,0,0,0,0,0,0,0,0,0,0,0,0,0,0
"1109","Rumex_acetosa","0",1,0,0,0,0,0,0,0,0,0,0,0,0,0,0,0,0,0,0
"1110","Rumex_acetosella","0",1,0,0,0,0,0,0,0,0,0,0,0,0,0,0,0,0,0,0
"1111","Rumex_alpestris","0",1,0,0,0,0,0,0,0,0,0,0,0,0,0,0,0,0,0,0
"1112","Rumex_alpinus","0",1,0,0,0,0,0,0,0,0,0,0,0,0,0,0,0,0,0,0
"1113","Rumex_crispus","0",1,0,0,0,0,0,0,0,0,0,0,0,0,0,0,0,0,0,0
"1114","Rumex_obtusifolius","0",1,0,0,0,0,0,0,0,0,0,0,0,0,0,0,0,0,0,0
"1115","Rumex_scutatus","0",1,1,1,0,0,0,0,0,0,0,0,0,0,0,1,0,0,0,1
"1116","Ruyschiana_austriaca","0",1,0,0,0,0,0,0,0,0,0,0,0,0,0,0,0,0,0,0
"1117","Sagina_glabra","0",1,1,1,1,0,0,1,1,0,1,0,0,0,0,0,0,0,0,1
"1118","Sagina_procumbens","0",1,0,0,0,0,0,0,0,0,0,0,0,0,0,0,0,0,0,0
"1119","Sagina_saginoides","0",1,1,1,1,0,0,0,0,1,0,0,1,0,0,0,0,0,0,0
"1120","Salix_alba","0",1,0,0,0,0,0,0,0,0,0,0,0,0,0,0,0,0,0,0
"1121","Salix_appendiculata","0",1,1,0,1,0,0,0,0,0,0,0,0,0,0,0,0,0,1,0
"1122","Salix_aurita","0",1,0,0,0,0,0,0,0,0,0,0,0,0,0,0,0,0,0,0
"1123","Salix_breviserrata","0",1,1,0,1,0,0,0,0,0,0,0,0,0,1,0,0,0,1,0
"1124","Salix_caprea","0",1,0,0,0,0,0,0,0,0,0,0,0,0,0,0,0,0,0,0
"1125","Salix_cinerea","0",1,0,0,0,0,0,0,0,0,0,0,0,0,0,0,0,0,0,0
"1126","Salix_daphnoides","0",1,0,0,0,0,0,0,0,0,0,0,0,0,0,0,0,0,0,0
"1127","Salix_eleagnos","0",1,0,0,0,0,0,0,0,0,0,0,0,0,0,0,0,0,0,0
"1128","Salix_foetida","0",1,0,0,0,0,0,0,0,0,0,0,0,0,0,0,0,0,0,0
"1129","Salix_glaucosericea","1",1,1,0,1,0,0,0,0,0,0,0,0,0,0,0,0,0,1,0
"1130","Salix_hastata","0",1,1,1,1,0,0,1,0,0,0,0,0,0,0,0,0,0,1,0
"1131","Salix_herbacea","0",1,1,1,1,1,1,0,1,1,1,0,1,0,0,1,0,1,1,1
"1132","Salix_laggeri","1",1,1,0,1,0,0,0,0,0,0,0,0,0,1,0,0,0,0,0
"1133","Salix_myrsinifolia","0",1,0,0,0,0,0,0,0,0,0,0,0,0,0,0,0,0,0,0
"1134","Salix_NA","0",1,0,0,0,0,0,0,0,0,0,0,0,0,0,0,0,0,0,0
"1135","Salix_pentandra","0",1,0,0,0,0,0,0,0,0,0,0,0,0,0,0,0,0,0,0
"1136","Salix_purpurea","0",1,0,0,0,0,0,0,0,0,0,0,0,0,0,0,0,0,0,0
"1137","Salix_repens","0",1,0,0,0,0,0,0,0,0,0,0,0,0,0,0,0,0,0,0
"1138","Salix_reticulata","0",1,1,1,1,0,0,0,0,0,0,0,0,0,0,0,0,1,1,1
"1139","Salix_retusa","0",1,1,1,1,0,0,0,0,0,0,0,1,0,1,1,0,1,1,1
"1140","Salix_serpyllifolia","0",1,0,0,0,0,0,0,0,0,0,0,0,0,0,0,0,0,0,0
"1141","Salix_triandra","0",1,0,0,0,0,0,0,0,0,0,0,0,0,0,0,0,0,0,0
"1142","Salvia_nubicola","0",1,0,0,0,0,0,0,0,0,0,0,0,0,0,0,0,0,0,0
"1143","Salvia_pratensis","1",1,0,0,0,0,0,0,0,0,0,0,0,0,0,0,0,0,0,0
"1144","Sambucus_ebulus","0",1,0,0,0,0,0,0,0,0,0,0,0,0,0,0,0,0,0,0
"1145","Sambucus_nigra","0",1,0,0,0,0,0,0,0,0,0,0,0,0,0,0,0,0,0,0
"1146","Sambucus_racemosa","0",1,0,0,0,0,0,0,0,0,0,0,0,0,0,0,0,0,0,0
"1147","Sanguisorba_minor","0",1,0,0,0,0,0,0,0,0,0,0,0,0,0,0,0,0,0,0
"1148","Sanguisorba_officinalis","0",1,0,0,0,0,0,0,0,0,0,0,0,0,0,0,0,0,0,0
"1149","Sanicula_europaea","0",1,0,0,0,0,0,0,0,0,0,0,0,0,0,0,0,0,0,0
"1150","Saponaria_ocymoides","0",1,0,0,0,0,0,0,0,0,0,0,0,0,0,0,0,0,0,0
"1151","Saponaria_officinalis","0",1,0,0,0,0,0,0,0,0,0,0,0,0,0,0,0,0,0,0
"1152","Satureja_montana","0",1,0,0,0,0,0,0,0,0,0,0,0,0,0,0,0,0,0,0
"1153","Satyrium_bifolium","0",1,0,0,0,0,0,0,0,0,0,0,0,0,0,0,0,0,0,0
"1154","Saussurea_alpina","1",1,1,1,0,0,0,0,0,0,0,0,0,0,0,0,0,0,0,1
"1155","Saussurea_discolor","0",1,0,0,0,0,0,0,0,0,0,0,0,0,0,0,0,0,0,0
"1156","Saxifraga_aizoides","0",1,1,1,1,0,0,1,1,1,0,0,1,0,1,1,0,0,1,1
"1157","Saxifraga_androsacea","0",1,1,1,0,0,0,0,0,0,0,0,0,0,0,0,0,1,0,1
"1158","Saxifraga_aspera","0",1,1,1,0,0,0,1,0,0,0,0,0,0,0,1,0,0,0,0
"1159","Saxifraga_biflora","1",1,1,1,0,0,0,0,0,0,0,0,0,0,0,0,0,0,0,1
"1160","Saxifraga_bryoides","0",1,1,1,1,0,1,1,1,1,1,0,1,1,1,1,1,1,1,1
"1161","Saxifraga_cuneifolia","0",1,0,0,0,0,0,0,0,0,0,0,0,0,0,0,0,0,0,0
"1162","Saxifraga_exarata","1",1,1,1,1,1,0,1,0,1,1,0,1,0,0,1,1,0,1,1
"1163","Saxifraga_granulata","0",1,0,0,0,0,0,0,0,0,0,0,0,0,0,0,0,0,0,0
"1164","Saxifraga_moschata","1",1,1,0,0,0,1,1,1,0,1,0,0,1,0,1,1,0,1,0
"1165","Saxifraga_oppositifolia","1",1,1,1,1,0,1,1,1,1,1,0,1,1,1,1,1,1,1,1
"1166","Saxifraga_paniculata","0",1,1,1,1,0,1,1,1,1,1,0,0,0,1,1,0,1,1,1
"1167","Saxifraga_retusa","1",1,1,1,0,0,1,0,1,1,0,0,0,0,0,0,0,0,0,0
"1168","Saxifraga_rotundifolia","0",1,0,0,0,0,0,0,0,0,0,0,0,0,0,0,0,0,0,0
"1169","Scabiosa_columbaria","0",1,0,0,0,0,0,0,0,0,0,0,0,0,0,0,0,0,0,0
"1170","Scabiosa_lucida","0",1,1,0,0,0,0,0,0,0,0,0,0,0,0,1,0,0,0,0
"1171","Scabiosa_triandra","0",1,0,0,0,0,0,0,0,0,0,0,0,0,0,0,0,0,0,0
"1172","Schoenus_nigricans","0",1,0,0,0,0,0,0,0,0,0,0,0,0,0,0,0,0,0,0
"1173","Scirpus_sylvaticus","0",1,0,0,0,0,0,0,0,0,0,0,0,0,0,0,0,0,0,0
"1174","Scleranthus_annuus","0",1,0,0,0,0,0,0,0,0,0,0,0,0,0,0,0,0,0,0
"1175","Scleranthus_perennis","0",1,0,0,0,0,0,0,0,0,0,0,0,0,0,0,0,0,0,0
"1176","Scorzonera_austriaca","0",1,0,0,0,0,0,0,0,0,0,0,0,0,0,0,0,0,0,0
"1177","Scorzonera_hispanica","0",1,0,0,0,0,0,0,0,0,0,0,0,0,0,0,0,0,0,0
"1178","Scorzoneroides_autumnalis","0",1,1,0,0,0,0,0,0,0,0,0,0,0,0,1,0,0,0,0
"1179","Scrophularia_canina","0",1,0,0,0,0,0,0,0,0,0,0,0,0,0,0,0,0,0,0
"1180","Scrophularia_lucida","0",1,0,0,0,0,0,0,0,0,0,0,0,0,0,0,0,0,0,0
"1181","Scrophularia_nodosa","0",1,0,0,0,0,0,0,0,0,0,0,0,0,0,0,0,0,0,0
"1182","Scrophularia_peregrina","0",1,0,0,0,0,0,0,0,0,0,0,0,0,0,0,0,0,0,0
"1183","Securigera_varia","0",1,0,0,0,0,0,0,0,0,0,0,0,0,0,0,0,0,0,0
"1184","Sedella_atrata","0",1,1,1,1,0,0,1,0,0,0,0,0,0,0,1,0,1,1,1
"1185","Sedum_acre","0",1,0,0,0,0,0,0,0,0,0,0,0,0,0,0,0,0,0,0
"1186","Sedum_album","0",1,0,0,0,0,0,0,0,0,0,0,0,0,0,0,0,0,0,0
"1187","Sedum_alpestre","0",1,1,1,1,1,0,1,1,1,1,0,1,0,0,1,0,0,1,1
"1188","Sedum_anacampseros","0",1,1,1,0,0,0,0,0,0,0,0,0,0,0,1,0,0,0,1
"1189","Sedum_annuum","0",1,0,0,0,0,0,0,0,0,0,0,0,0,0,0,0,0,0,0
"1190","Sedum_anopetalum","0",1,0,0,0,0,0,0,0,0,0,0,0,0,0,0,0,0,0,0
"1191","Sedum_dasyphyllum","0",1,0,0,0,0,0,0,0,0,0,0,0,0,0,0,0,0,0,0
"1192","Sedum_maximum","0",1,0,0,0,0,0,0,0,0,0,0,0,0,0,0,0,0,0,0
"1193","Sedum_NA","0",1,0,0,0,0,0,0,0,0,0,0,0,0,0,0,0,0,0,0
"1194","Sedum_ochroleucum","0",1,0,0,0,0,0,0,0,0,0,0,0,0,0,0,0,0,0,0
"1195","Sedum_rupestre","0",1,0,0,0,0,0,0,0,0,0,0,0,0,0,0,0,0,0,0
"1196","Sedum_sediforme","0",1,0,0,0,0,0,0,0,0,0,0,0,0,0,0,0,0,0,0
"1197","Sedum_sexangulare","0",1,0,0,0,0,0,0,0,0,0,0,0,0,0,0,0,0,0,0
"1198","Selaginella_selaginoides","0",1,0,0,0,0,0,0,0,0,0,0,0,0,0,0,0,0,0,0
"1199","Sempervivum_arachnoideum","0",1,1,1,1,0,1,0,1,0,1,0,0,0,1,1,0,1,1,1
"1200","Sempervivum_montanum","1",1,1,1,1,1,1,0,1,1,1,1,0,0,0,1,1,1,1,1
"1201","Sempervivum_NA","1",1,0,0,0,0,0,0,0,0,0,0,0,0,0,0,0,0,0,0
"1202","Sempervivum_tectorum","0",1,0,0,0,0,0,0,0,0,0,0,0,0,0,0,0,0,0,0
"1203","Senecio_doria","0",1,0,0,0,0,0,0,0,0,0,0,0,0,0,0,0,0,0,0
"1204","Senecio_doronicum","0",1,1,1,1,0,0,0,0,1,1,1,0,0,0,1,0,0,1,1
"1205","Senecio_erucifolius","0",1,0,0,0,0,0,0,0,0,0,0,0,0,0,0,0,0,0,0
"1206","Senecio_incanus","1",1,1,1,1,1,1,1,0,1,1,0,1,0,1,1,0,1,1,1
"1207","Senecio_ovatus","0",1,0,0,0,0,0,0,0,0,0,0,0,0,0,0,0,0,0,0
"1208","Senecio_squalidus","0",1,0,0,0,0,0,0,0,0,0,0,0,0,0,0,0,0,0,0
"1209","Senecio_viscosus","0",1,0,0,0,0,0,0,0,0,0,0,0,0,0,0,0,0,0,0
"1210","Serratula_tinctoria","0",1,0,0,0,0,0,0,0,0,0,0,0,0,0,0,0,0,0,0
"1211","Seseli_annuum","1",1,0,0,0,0,0,0,0,0,0,0,0,0,0,0,0,0,0,0
"1212","Sesleria_caerulea","0",1,1,1,0,0,0,0,0,0,0,0,0,0,0,1,0,1,0,1
"1213","Setaria_viridis","0",1,0,0,0,0,0,0,0,0,0,0,0,0,0,0,0,0,0,0
"1214","Sibbaldia_procumbens","0",1,1,1,0,1,1,0,1,1,1,0,0,0,0,1,0,1,1,0
"1215","Silaum_silaus","0",1,0,0,0,0,0,0,0,0,0,0,0,0,0,0,0,0,0,0
"1216","Silene_acaulis","0",1,1,1,1,1,1,1,1,1,1,1,1,1,1,1,1,1,1,1
"1217","Silene_armeria","0",1,0,0,0,0,0,0,0,0,0,0,0,0,0,0,0,0,0,0
"1218","Silene_dioica","0",1,0,0,0,0,0,0,0,0,0,0,0,0,0,0,0,0,0,0
"1219","Silene_flos_cuculi","0",1,0,0,0,0,0,0,0,0,0,0,0,0,0,0,0,0,0,0
"1220","Silene_flos_jovis","0",1,0,0,0,0,0,0,0,0,0,0,0,0,0,0,0,0,0,0
"1221","Silene_italica","0",1,0,0,0,0,0,0,0,0,0,0,0,0,0,0,0,0,0,0
"1222","Silene_latifolia","0",1,0,0,0,0,0,0,0,0,0,0,0,0,0,0,0,0,0,0
"1223","Silene_nutans","0",1,0,0,0,0,0,0,0,0,0,0,0,0,0,0,0,0,0,0
"1224","Silene_otites","0",1,0,0,0,0,0,0,0,0,0,0,0,0,0,0,0,0,0,0
"1225","Silene_saxifraga","0",1,0,0,0,0,0,0,0,0,0,0,0,0,0,0,0,0,0,0
"1226","Silene_vallesia","1",1,0,0,0,0,0,0,0,0,0,0,0,0,0,0,0,0,0,0
"1227","Silene_vulgaris","0",1,1,1,0,0,0,0,1,0,0,0,0,0,0,1,0,0,0,1
"1228","Sinapis_alba","0",1,0,0,0,0,0,0,0,0,0,0,0,0,0,0,0,0,0,0
"1229","Sinapis_arvensis","0",1,0,0,0,0,0,0,0,0,0,0,0,0,0,0,0,0,0,0
"1230","Sisymbrium_austriacum","0",1,0,0,0,0,0,0,0,0,0,0,0,0,0,0,0,0,0,0
"1231","Solanum_dulcamara","0",1,0,0,0,0,0,0,0,0,0,0,0,0,0,0,0,0,0,0
"1232","Soldanella_alpina","0",1,1,1,0,1,0,0,1,0,1,0,0,0,0,0,0,0,0,1
"1233","Solidago_gigantea","0",1,0,0,0,0,0,0,0,0,0,0,0,0,0,0,0,0,0,0
"1234","Solidago_virgaurea","0",1,1,1,1,0,0,0,0,0,0,0,0,0,0,1,0,0,1,0
"1235","Sonchus_arvensis","0",1,0,0,0,0,0,0,0,0,0,0,0,0,0,0,0,0,0,0
"1236","Sonchus_oleraceus","0",1,0,0,0,0,0,0,0,0,0,0,0,0,0,0,0,0,0,0
"1237","Sorbus_aria","0",1,0,0,0,0,0,0,0,0,0,0,0,0,0,0,0,0,0,0
"1238","Sorbus_aucuparia","0",1,0,0,0,0,0,0,0,0,0,0,0,0,0,0,0,0,0,0
"1239","Sorbus_chamaemespilus","0",1,0,0,0,0,0,0,0,0,0,0,0,0,0,0,0,0,0,0
"1240","Sorbus_mougeotii","0",1,0,0,0,0,0,0,0,0,0,0,0,0,0,0,0,0,0,0
"1241","Sorbus_NA","0",1,0,0,0,0,0,0,0,0,0,0,0,0,0,0,0,0,0,0
"1242","Sparganium_angustifolium","0",1,0,0,0,0,0,0,0,0,0,0,0,0,0,0,0,0,0,0
"1243","Sparganium_emersum","0",1,0,0,0,0,0,0,0,0,0,0,0,0,0,0,0,0,0,0
"1244","Sparganium_erectum","0",1,0,0,0,0,0,0,0,0,0,0,0,0,0,0,0,0,0,0
"1245","Spiesia_halleri","0",1,0,0,0,0,0,0,0,0,0,0,0,0,0,0,0,0,0,0
"1246","Stachys_annua","0",1,0,0,0,0,0,0,0,0,0,0,0,0,0,0,0,0,0,0
"1247","Stachys_pradica","0",1,0,0,0,0,0,0,0,0,0,0,0,0,0,0,0,0,0,0
"1248","Stachys_recta","0",1,0,0,0,0,0,0,0,0,0,0,0,0,0,0,0,0,0,0
"1249","Stachys_sylvatica","0",1,0,0,0,0,0,0,0,0,0,0,0,0,0,0,0,0,0,0
"1250","Staehelina_dubia","0",1,0,0,0,0,0,0,0,0,0,0,0,0,0,0,0,0,0,0
"1251","Stellaria_alsine","0",1,0,0,0,0,0,0,0,0,0,0,0,0,0,0,0,0,0,0
"1252","Stellaria_graminea","0",1,0,0,0,0,0,0,0,0,0,0,0,0,0,0,0,0,0,0
"1253","Stellaria_holostea","0",1,0,0,0,0,0,0,0,0,0,0,0,0,0,0,0,0,0,0
"1254","Stellaria_media","0",1,0,0,0,0,0,0,0,0,0,0,0,0,0,0,0,0,0,0
"1255","Stellaria_nemorum","0",1,0,0,0,0,0,0,0,0,0,0,0,0,0,0,0,0,0,0
"1256","Stipa_capillata","0",1,0,0,0,0,0,0,0,0,0,0,0,0,0,0,0,0,0,0
"1257","Stipa_eriocaulis","0",1,0,0,0,0,0,0,0,0,0,0,0,0,0,0,0,0,0,0
"1258","Stipa_pennata","1",1,0,0,0,0,0,0,0,0,0,0,0,0,0,0,0,0,0,0
"1259","Streptopus_amplexifolius","0",1,0,0,0,0,0,0,0,0,0,0,0,0,0,0,0,0,0,0
"1260","Strobus_cembra","0",1,0,0,0,0,0,0,0,0,0,0,0,0,0,0,0,0,0,0
"1261","Succisa_pratensis","0",1,0,0,0,0,0,0,0,0,0,0,0,0,0,0,0,0,0,0
"1262","Swertia_perennis","0",1,0,0,0,0,0,0,0,0,0,0,0,0,0,0,0,0,0,0
"1263","Symphyotrichum_novi_belgii","0",1,0,0,0,0,0,0,0,0,0,0,0,0,0,0,0,0,0,0
"1264","Symphytum_officinale","0",1,0,0,0,0,0,0,0,0,0,0,0,0,0,0,0,0,0,0
"1265","Symphytum_tuberosum","0",1,0,0,0,0,0,0,0,0,0,0,0,0,0,0,0,0,0,0
"1266","Synema_perenne","0",1,0,0,0,0,0,0,0,0,0,0,0,0,0,0,0,0,0,0
"1267","Tanacetum_corymbosum","0",1,0,0,0,0,0,0,0,0,0,0,0,0,0,0,0,0,0,0
"1268","Taraxacum_alpinum","0",1,1,1,1,0,0,0,1,1,0,0,0,0,0,0,0,1,1,1
"1269","Taraxacum_dissectum","0",1,1,1,0,0,0,0,0,0,0,0,0,0,0,0,0,0,1,0
"1270","Taraxacum_erythrospermum","0",1,0,0,0,0,0,0,0,0,0,0,0,0,0,0,0,0,0,0
"1271","Taraxacum_fulvum","0",1,0,0,0,0,0,0,0,0,0,0,0,0,0,0,0,0,0,0
"1272","Taraxacum_lapponicum","0",1,1,0,0,0,0,0,0,0,0,0,0,0,0,1,0,0,0,0
"1273","Taraxacum_montanum","1",1,1,1,0,1,0,0,1,0,1,0,0,0,0,1,0,1,0,1
"1274","Taraxacum_NA","1",1,0,0,0,0,0,0,0,0,0,0,0,0,0,0,0,0,0,0
"1275","Taraxacum_officinale","0",1,1,0,1,0,0,0,0,0,0,0,0,0,0,0,0,0,1,0
"1276","Taraxacum_rubicundum","0",1,0,0,0,0,0,0,0,0,0,0,0,0,0,0,0,0,0,0
"1277","Taraxacum_sellandii","0",1,0,0,0,0,0,0,0,0,0,0,0,0,0,0,0,0,0,0
"1278","Taxus_baccata","0",1,0,0,0,0,0,0,0,0,0,0,0,0,0,0,0,0,0,0
"1279","Telephium_imperati","0",1,0,0,0,0,0,0,0,0,0,0,0,0,0,0,0,0,0,0
"1280","Tetragonolobus_maritimus","0",1,0,0,0,0,0,0,0,0,0,0,0,0,0,0,0,0,0,0
"1281","Teucrium_chamaedrys","0",1,0,0,0,0,0,0,0,0,0,0,0,0,0,0,0,0,0,0
"1282","Teucrium_scordium","0",1,0,0,0,0,0,0,0,0,0,0,0,0,0,0,0,0,0,0
"1283","Teucrium_scorodonia","0",1,0,0,0,0,0,0,0,0,0,0,0,0,0,0,0,0,0,0
"1284","Thalictrum_aquilegiifolium","0",1,0,0,0,0,0,0,0,0,0,0,0,0,0,0,0,0,0,0
"1285","Thalictrum_foetidum","0",1,0,0,0,0,0,0,0,0,0,0,0,0,0,0,0,0,0,0
"1286","Thalictrum_minus","0",1,0,0,0,0,0,0,0,0,0,0,0,0,0,0,0,0,0,0
"1287","Thalictrum_simplex","0",1,0,0,0,0,0,0,0,0,0,0,0,0,0,0,0,0,0,0
"1288","Thelycrania_sanguinea","0",1,0,0,0,0,0,0,0,0,0,0,0,0,0,0,0,0,0,0
"1289","Thesium_alpinum","0",1,0,0,0,0,0,0,0,0,0,0,0,0,0,0,0,0,0,0
"1290","Thesium_humifusum","0",1,0,0,0,0,0,0,0,0,0,0,0,0,0,0,0,0,0,0
"1291","Thesium_linophyllon","0",1,0,0,0,0,0,0,0,0,0,0,0,0,0,0,0,0,0,0
"1292","Thlaspi_arvense","0",1,0,0,0,0,0,0,0,0,0,0,0,0,0,0,0,0,0,0
"1293","Thymus_oenipontanus","0",1,0,0,0,0,0,0,0,0,0,0,0,0,0,0,0,0,0,0
"1294","Thymus_praecox","1",1,1,1,1,0,0,1,1,0,0,0,0,0,0,1,0,0,1,0
"1295","Thymus_pulegioides","0",1,0,0,0,0,0,0,0,0,0,0,0,0,0,0,0,0,0,0
"1296","Thymus_serpyllum","0",1,1,1,0,0,0,0,0,1,1,0,0,0,0,0,0,1,0,1
"1297","Thymus_striatus","0",1,1,0,0,0,0,0,0,0,0,0,0,0,0,1,0,0,0,0
"1298","Tilia_cordata","0",1,0,0,0,0,0,0,0,0,0,0,0,0,0,0,0,0,0,0
"1299","Tilia_platyphyllos","0",1,0,0,0,0,0,0,0,0,0,0,0,0,0,0,0,0,0,0
"1300","Tofieldia_calyculata","0",1,0,0,0,0,0,0,0,0,0,0,0,0,0,0,0,0,0,0
"1301","Tolpis_staticifolia","0",1,1,1,0,0,0,0,0,0,0,0,0,0,0,0,0,0,1,0
"1302","Torilis_japonica","0",1,0,0,0,0,0,0,0,0,0,0,0,0,0,0,0,0,0,0
"1303","Tozzia_alpina","0",1,0,0,0,0,0,0,0,0,0,0,0,0,0,0,0,0,0,0
"1304","Tragopogon_crocifolius","0",1,0,0,0,0,0,0,0,0,0,0,0,0,0,0,0,0,0,0
"1305","Tragopogon_dubius","0",1,0,0,0,0,0,0,0,0,0,0,0,0,0,0,0,0,0,0
"1306","Tragopogon_porrifolius","0",1,0,0,0,0,0,0,0,0,0,0,0,0,0,0,0,0,0,0
"1307","Tragopogon_pratensis","0",1,0,0,0,0,0,0,0,0,0,0,0,0,0,0,0,0,0,0
"1308","Trasus_tomentosus","0",1,0,0,0,0,0,0,0,0,0,0,0,0,0,0,0,0,0,0
"1309","Trichophorum_alpinum","0",1,0,0,0,0,0,0,0,0,0,0,0,0,0,0,0,0,0,0
"1310","Trichophorum_cespitosum","0",1,0,0,0,0,0,0,0,0,0,0,0,0,0,0,0,0,0,0
"1311","Trifolium_alpestre","0",1,0,0,0,0,0,0,0,0,0,0,0,0,0,0,0,0,0,0
"1312","Trifolium_alpinum","0",1,1,1,1,0,0,0,1,0,1,1,0,0,0,1,0,0,1,0
"1313","Trifolium_arvense","0",1,0,0,0,0,0,0,0,0,0,0,0,0,0,0,0,0,0,0
"1314","Trifolium_aureum","0",1,0,0,0,0,0,0,0,0,0,0,0,0,0,0,0,0,0,0
"1315","Trifolium_badium","0",1,1,1,1,0,0,0,1,0,0,0,0,0,1,1,0,0,0,0
"1316","Trifolium_campestre","0",1,0,0,0,0,0,0,0,0,0,0,0,0,0,0,0,0,0,0
"1317","Trifolium_diffusum","0",1,0,0,0,0,0,0,0,0,0,0,0,0,0,0,0,0,0,0
"1318","Trifolium_medium","0",1,0,0,0,0,0,0,0,0,0,0,0,0,0,0,0,0,0,0
"1319","Trifolium_ochroleucon","0",1,0,0,0,0,0,0,0,0,0,0,0,0,0,0,0,0,0,0
"1320","Trifolium_pallescens","0",1,1,0,1,0,0,0,0,0,0,0,0,0,1,1,0,0,0,0
"1321","Trifolium_pratense","0",1,1,1,1,0,0,0,0,0,0,0,0,0,0,1,0,1,1,0
"1322","Trifolium_repens","0",1,1,1,0,0,0,0,0,0,0,0,0,0,0,0,0,0,0,1
"1323","Trifolium_rubens","0",1,0,0,0,0,0,0,0,0,0,0,0,0,0,0,0,0,0,0
"1324","Trifolium_saxatile","1",1,1,0,1,0,1,0,0,0,0,0,0,0,0,0,0,0,0,0
"1325","Trifolium_spadiceum","0",1,0,0,0,0,0,0,0,0,0,0,0,0,0,0,0,0,0,0
"1326","Trifolium_thalii","0",1,1,1,1,0,0,0,1,0,1,0,0,0,1,1,0,1,1,1
"1327","Triglochin_palustre","0",1,0,0,0,0,0,0,0,0,0,0,0,0,0,0,0,0,0,0
"1328","Trigonella_monspeliaca","0",1,0,0,0,0,0,0,0,0,0,0,0,0,0,0,0,0,0,0
"1329","Trimorpha_alpina","0",1,1,1,0,0,1,0,1,0,0,0,0,0,0,1,0,1,0,0
"1330","Trimorpha_attica","0",1,0,0,0,0,0,0,0,0,0,0,0,0,0,0,0,0,0,0
"1331","Trinia_glauca","0",1,0,0,0,0,0,0,0,0,0,0,0,0,0,0,0,0,0,0
"1332","Trisetaria_distichophylla","0",1,1,1,0,0,0,0,1,0,0,0,0,0,0,1,0,1,1,1
"1333","Trisetum_flavescens","0",1,1,1,0,0,0,0,0,0,0,0,0,0,0,0,0,0,1,0
"1334","Trisetum_spicatum","0",1,1,1,0,0,0,1,0,0,0,0,0,0,0,0,0,0,0,0
"1335","Triticum_aestivum","0",1,0,0,0,0,0,0,0,0,0,0,0,0,0,0,0,0,0,0
"1336","Triticum_durum","0",1,0,0,0,0,0,0,0,0,0,0,0,0,0,0,0,0,0,0
"1337","Trollius_europaeus","0",1,1,0,0,0,0,0,0,0,0,0,0,0,0,1,0,0,0,0
"1338","Tulipa_sylvestris","0",1,0,0,0,0,0,0,0,0,0,0,0,0,0,0,0,0,0,0
"1339","Turritis_glabra","0",1,0,0,0,0,0,0,0,0,0,0,0,0,0,0,0,0,0,0
"1340","Tussilago_farfara","0",1,0,0,0,0,0,0,0,0,0,0,0,0,0,0,0,0,0,0
"1341","Typha_latifolia","0",1,0,0,0,0,0,0,0,0,0,0,0,0,0,0,0,0,0,0
"1342","Ulmus_glabra","0",1,0,0,0,0,0,0,0,0,0,0,0,0,0,0,0,0,0,0
"1343","Ulmus_minor","0",1,0,0,0,0,0,0,0,0,0,0,0,0,0,0,0,0,0,0
"1344","Urtica_dioica","0",1,1,1,1,0,0,0,0,0,0,0,0,0,0,0,0,0,1,0
"1345","Vaccinium_myrtillus","0",1,1,1,1,0,0,0,1,0,1,1,0,0,0,1,0,0,1,1
"1346","Vaccinium_uliginosum","0",1,1,1,1,0,0,0,1,0,1,1,1,0,1,1,0,0,1,1
"1347","Vaccinium_vitis_idaea","0",1,0,0,0,0,0,0,0,0,0,0,0,0,0,0,0,0,0,0
"1348","Valeriana_dioica","0",1,0,0,0,0,0,0,0,0,0,0,0,0,0,0,0,0,0,0
"1349","Valeriana_montana","0",1,1,0,1,0,0,0,0,0,0,0,0,0,0,0,0,0,1,0
"1350","Valeriana_officinalis","0",1,0,0,0,0,0,0,0,0,0,0,0,0,0,0,0,0,0,0
"1351","Valeriana_saliunca","0",1,0,0,0,0,0,0,0,0,0,0,0,0,0,0,0,0,0,0
"1352","Valeriana_tripteris","0",1,0,0,0,0,0,0,0,0,0,0,0,0,0,0,0,0,0,0
"1353","Valeriana_tuberosa","0",1,0,0,0,0,0,0,0,0,0,0,0,0,0,0,0,0,0,0
"1354","Valerianella_dentata","0",1,0,0,0,0,0,0,0,0,0,0,0,0,0,0,0,0,0,0
"1355","Valerianella_locusta","0",1,0,0,0,0,0,0,0,0,0,0,0,0,0,0,0,0,0,0
"1356","Veratrum_album","0",1,0,0,0,0,0,0,0,0,0,0,0,0,0,0,0,0,0,0
"1357","Verbascum_chaixii","0",1,0,0,0,0,0,0,0,0,0,0,0,0,0,0,0,0,0,0
"1358","Verbascum_lychnitis","0",1,0,0,0,0,0,0,0,0,0,0,0,0,0,0,0,0,0,0
"1359","Verbascum_nigrum","0",1,0,0,0,0,0,0,0,0,0,0,0,0,0,0,0,0,0,0
"1360","Verbascum_pulverulentum","0",1,0,0,0,0,0,0,0,0,0,0,0,0,0,0,0,0,0,0
"1361","Verbascum_thapsus","0",1,0,0,0,0,0,0,0,0,0,0,0,0,0,0,0,0,0,0
"1362","Verbena_officinalis","0",1,0,0,0,0,0,0,0,0,0,0,0,0,0,0,0,0,0,0
"1363","Veronica_agrestis","0",1,0,0,0,0,0,0,0,0,0,0,0,0,0,0,0,0,0,0
"1364","Veronica_allionii","1",1,1,0,1,0,0,0,0,0,0,0,0,0,0,0,0,0,1,0
"1365","Veronica_alpina","0",1,1,1,1,1,1,1,0,1,1,0,1,0,1,1,1,1,1,1
"1366","Veronica_anagallis_aquatica","0",1,0,0,0,0,0,0,0,0,0,0,0,0,0,0,0,0,0,0
"1367","Veronica_aphylla","0",1,1,1,0,0,0,0,0,0,0,0,0,0,0,0,0,0,0,1
"1368","Veronica_arvensis","0",1,0,0,0,0,0,0,0,0,0,0,0,0,0,0,0,0,0,0
"1369","Veronica_austriaca","0",1,0,0,0,0,0,0,0,0,0,0,0,0,0,0,0,0,0,0
"1370","Veronica_beccabunga","0",1,0,0,0,0,0,0,0,0,0,0,0,0,0,0,0,0,0,0
"1371","Veronica_bellidioides","0",1,1,1,0,0,1,0,0,0,0,1,0,0,0,1,0,0,0,0
"1372","Veronica_chamaedrys","1",1,0,0,0,0,0,0,0,0,0,0,0,0,0,0,0,0,0,0
"1373","Veronica_fruticans","0",1,1,1,1,0,0,0,1,0,0,0,1,0,0,1,0,1,1,0
"1374","Veronica_fruticulosa","0",1,0,0,0,0,0,0,0,0,0,0,0,0,0,0,0,0,0,0
"1375","Veronica_hederifolia","0",1,0,0,0,0,0,0,0,0,0,0,0,0,0,0,0,0,0,0
"1376","Veronica_officinalis","0",1,0,0,0,0,0,0,0,0,0,0,0,0,0,0,0,0,0,0
"1377","Veronica_persica","0",1,0,0,0,0,0,0,0,0,0,0,0,0,0,0,0,0,0,0
"1378","Veronica_serpyllifolia","0",1,1,1,0,0,0,0,0,0,0,0,0,0,0,0,0,0,0,1
"1379","Veronica_spicata","0",1,0,0,0,0,0,0,0,0,0,0,0,0,0,0,0,0,0,0
"1380","Veronica_triphyllos","0",1,0,0,0,0,0,0,0,0,0,0,0,0,0,0,0,0,0,0
"1381","Veronica_urticifolia","0",1,0,0,0,0,0,0,0,0,0,0,0,0,0,0,0,0,0,0
"1382","Veronica_verna","0",1,0,0,0,0,0,0,0,0,0,0,0,0,0,0,0,0,0,0
"1383","Viburnum_lantana","0",1,0,0,0,0,0,0,0,0,0,0,0,0,0,0,0,0,0,0
"1384","Viburnum_opulus","0",1,0,0,0,0,0,0,0,0,0,0,0,0,0,0,0,0,0,0
"1385","Vicia_cracca","0",1,0,0,0,0,0,0,0,0,0,0,0,0,0,0,0,0,0,0
"1386","Vicia_hirsuta","0",1,0,0,0,0,0,0,0,0,0,0,0,0,0,0,0,0,0,0
"1387","Vicia_hybrida","0",1,0,0,0,0,0,0,0,0,0,0,0,0,0,0,0,0,0,0
"1388","Vicia_onobrychioides","0",1,0,0,0,0,0,0,0,0,0,0,0,0,0,0,0,0,0,0
"1389","Vicia_sativa","0",1,0,0,0,0,0,0,0,0,0,0,0,0,0,0,0,0,0,0
"1390","Vicia_sepium","0",1,0,0,0,0,0,0,0,0,0,0,0,0,0,0,0,0,0,0
"1391","Vicia_sylvatica","0",1,0,0,0,0,0,0,0,0,0,0,0,0,0,0,0,0,0,0
"1392","Vicia_tenuifolia","0",1,0,0,0,0,0,0,0,0,0,0,0,0,0,0,0,0,0,0
"1393","Vicia_tetrasperma","0",1,0,0,0,0,0,0,0,0,0,0,0,0,0,0,0,0,0,0
"1394","Vinca_minor","0",1,0,0,0,0,0,0,0,0,0,0,0,0,0,0,0,0,0,0
"1395","Vincetoxicum_hirundinaria","0",1,0,0,0,0,0,0,0,0,0,0,0,0,0,0,0,0,0,0
"1396","Viola_biflora","0",1,1,0,0,0,0,0,0,0,1,0,0,0,0,0,0,0,0,0
"1397","Viola_calcarata","1",1,1,1,0,0,0,0,1,0,0,0,0,0,0,1,0,0,0,1
"1398","Viola_canina","0",1,0,0,0,0,0,0,0,0,0,0,0,0,0,0,0,0,0,0
"1399","Viola_hirta","0",1,0,0,0,0,0,0,0,0,0,0,0,0,0,0,0,0,0,0
"1400","Viola_laricicola","0",1,0,0,0,0,0,0,0,0,0,0,0,0,0,0,0,0,0,0
"1401","Viola_mirabilis","0",1,0,0,0,0,0,0,0,0,0,0,0,0,0,0,0,0,0,0
"1402","Viola_NA","1",1,1,1,0,0,0,0,0,0,1,0,0,0,0,0,0,0,0,0
"1403","Viola_odorata","0",1,0,0,0,0,0,0,0,0,0,0,0,0,0,0,0,0,0,0
"1404","Viola_palustris","0",1,0,0,0,0,0,0,0,0,0,0,0,0,0,0,0,0,0,0
"1405","Viola_pyrenaica","0",1,0,0,0,0,0,0,0,0,0,0,0,0,0,0,0,0,0,0
"1406","Viola_reichenbachiana","0",1,0,0,0,0,0,0,0,0,0,0,0,0,0,0,0,0,0,0
"1407","Viola_riviniana","0",1,0,0,0,0,0,0,0,0,0,0,0,0,0,0,0,0,0,0
"1408","Viola_rupestris","0",1,1,0,1,0,0,0,0,0,0,0,0,0,0,0,0,0,1,0
"1409","Viola_suavis","0",1,0,0,0,0,0,0,0,0,0,0,0,0,0,0,0,0,0,0
"1410","Viola_tricolor","0",1,0,0,0,0,0,0,0,0,0,0,0,0,0,0,0,0,0,0
"1411","Viscum_album","0",1,0,0,0,0,0,0,0,0,0,0,0,0,0,0,0,0,0,0
"1412","Woodsia_alpina","0",1,0,0,0,0,0,0,0,0,0,0,0,0,0,0,0,0,0,0
"1413","Xeranthemum_inapertum","0",1,0,0,0,0,0,0,0,0,0,0,0,0,0,0,0,0,0,0
"1414","Zz_Lichens","0",0,0,0,1,0,0,0,0,0,0,0,0,0,0,0,0,0,0,0
