"","Barre des Ecrins","Brevoort","Burlan","Choisy","Ecrins NP","La Meije","Lauvitel","Muraillette","Occidentale Ailefroide","Olan","Pelvoux","Persistent","Plat de la Selle","Rateau","Rocher de la Selle","Rouies","Sirac","Summits"
"Filago_arvensis",0,0,0,0,1,0,0,0,0,0,0,0,0,0,0,0,0,0
"Bombycilaena_erecta",0,0,0,0,1,0,0,0,0,0,0,0,0,0,0,0,0,0
"Gnaphalium_supinum",0,0,0,0,1,1,1,1,0,1,0,1,1,1,1,1,0,1
"Gnaphalium_hoppeanum",0,0,0,0,1,0,0,0,0,0,0,0,0,0,0,0,0,0
"Antennaria_carpatica",1,0,0,0,1,0,0,0,1,0,0,1,0,0,1,0,0,1
"Antennaria_dioica",0,0,0,0,1,0,0,1,0,0,1,1,0,1,1,0,1,1
"Leontopodium_brachyactis",1,0,0,0,1,0,0,0,0,0,0,1,0,1,0,0,0,1
"Aster_alpinus",0,0,0,0,1,0,0,1,0,0,0,1,0,0,1,0,0,1
"Bellidiastrum_michelii",0,0,0,0,1,0,0,0,0,0,0,0,0,0,0,0,0,0
"Inula_conyza",0,0,0,0,1,0,0,0,0,0,0,0,0,0,0,0,0,0
"Inula_montana",0,0,0,0,1,0,0,0,0,0,0,0,0,0,0,0,0,0
"Buphthalmum_salicifolium",0,0,0,0,1,0,0,0,0,0,0,0,0,0,0,0,0,0
"Eupatorium_cannabinum",0,0,0,0,1,0,0,0,0,0,0,0,0,0,0,0,0,0
"Arnica_montana",0,0,0,0,1,0,0,0,0,0,0,0,0,0,0,0,0,0
"Tolpis_staticifolia",0,0,0,0,1,0,0,0,0,0,0,1,0,1,0,0,0,1
"Doronicum_pardalianches",0,0,0,0,1,0,0,0,0,0,0,0,0,0,0,0,0,0
"Doronicum_grandiflorum",1,0,0,0,1,0,1,1,0,0,0,1,0,1,1,0,0,1
"Petasites_hybridus",0,0,0,0,1,0,0,0,0,0,0,0,0,0,0,0,0,0
"Homogyne_alpina",0,0,0,0,1,0,0,1,0,1,0,1,1,0,1,0,0,1
"Petasites_albus",0,0,0,0,1,0,0,0,0,0,0,0,0,0,0,0,0,0
"Tussilago_farfara",0,0,0,0,1,0,0,0,0,0,0,0,0,0,0,0,0,0
"Senecio_viscosus",0,0,0,0,1,0,0,0,0,0,0,0,0,0,0,0,0,0
"Senecio_squalidus",0,0,0,0,1,0,0,0,0,0,0,0,0,0,0,0,0,0
"Senecio_doronicum",0,0,0,0,1,0,1,0,0,1,1,1,0,1,1,1,0,1
"Senecio_doria",0,0,0,0,1,0,0,0,0,0,0,0,0,0,0,0,0,0
"Jacobaea_incana",0,0,0,0,1,0,1,0,0,0,0,0,0,0,1,0,1,1
"Jacobaea_erucifolia",0,0,0,0,1,0,0,0,0,0,0,0,0,0,0,0,0,0
"Adenostyles_leucophylla",1,0,1,0,1,1,1,1,1,1,0,1,1,1,1,1,1,1
"Adenostyles_alpina",0,0,0,0,1,0,0,0,0,1,0,1,0,0,1,0,0,1
"Artemisia_vulgaris",0,0,0,0,1,0,0,0,0,0,0,0,0,0,0,0,0,0
"Artemisia_absinthium",0,0,0,0,1,0,0,0,0,0,0,0,0,0,0,0,0,0
"Artemisia_alba",0,0,0,0,1,0,0,0,0,0,0,0,0,0,0,0,0,0
"Artemisia_umbelliformis",0,1,1,1,1,1,1,1,1,1,0,1,0,1,1,1,0,1
"Artemisia_genipi",0,0,0,0,1,0,0,0,1,0,0,1,0,0,0,1,1,1
"Artemisia_atrata",0,0,0,0,1,0,0,0,0,0,0,0,0,0,0,0,0,0
"Artemisia_campestris",0,0,0,0,1,0,0,0,0,0,0,0,0,0,0,0,0,0
"Leucanthemopsis_alpina",1,1,1,1,1,1,1,1,1,1,0,1,1,1,1,1,1,1
"Achillea_distans",0,0,0,0,1,0,0,0,0,0,0,0,0,0,0,0,0,0
"Achillea_millefolium",0,0,0,0,1,0,0,0,0,0,0,1,0,1,1,0,0,1
"Achillea_nobilis",0,0,0,0,1,0,0,0,0,0,0,0,0,0,0,0,0,0
"Tanacetum_corymbosum",0,0,0,0,1,0,0,0,0,0,0,0,0,0,0,0,0,0
"Matricaria_discoidea",0,0,0,0,1,0,0,0,0,0,0,0,0,0,0,0,0,0
"Leucanthemum_vulgare",0,0,0,0,1,0,0,0,0,0,0,0,0,0,0,0,0,0
"Erigeron_annuus",0,0,0,0,1,0,0,0,0,0,0,0,0,0,0,0,0,0
"Erigeron_canadensis",0,0,0,0,1,0,0,0,0,0,0,0,0,0,0,0,0,0
"Erigeron_uniflorus",1,0,1,1,1,0,1,0,0,1,0,1,0,0,1,1,0,1
"Erigeron_acris",0,0,0,0,1,0,0,0,0,0,0,0,0,1,0,0,0,1
"Solidago_virgaurea",0,0,0,0,1,0,0,0,0,0,0,1,0,1,1,0,0,1
"Solidago_gigantea",0,0,0,0,1,0,0,0,0,0,0,0,0,0,0,0,0,0
"Symphyotrichum_novi-belgii",0,0,0,0,1,0,0,0,0,0,0,0,0,0,0,0,0,0
"Crepis_pyrenaica",0,0,0,0,1,0,0,0,0,0,0,0,0,0,0,0,0,0
"Crepis_vesicaria",0,0,0,0,1,0,0,0,0,0,0,0,0,0,0,0,0,0
"Crepis_pygmaea",0,0,0,0,1,0,0,0,0,0,0,0,0,1,1,0,0,1
"Crepis_aurea",0,0,0,0,1,0,0,0,0,0,0,0,0,0,0,0,0,0
"Crepis_biennis",0,0,0,0,1,0,0,0,0,0,0,0,0,0,0,0,0,0
"Crepis_foetida",0,0,0,0,1,0,0,0,0,0,0,0,0,0,0,0,0,0
"Crepis_nicaeensis",0,0,0,0,1,0,0,0,0,0,0,0,0,0,0,0,0,0
"Crepis_paludosa",0,0,0,0,1,0,0,0,0,0,0,0,0,0,0,0,0,0
"Lapsana_communis",0,0,0,0,1,0,0,0,0,0,0,0,0,0,0,0,0,0
"Taraxacum_erythrospermum",0,0,0,0,1,0,0,0,0,0,0,0,0,0,0,0,0,0
"Taraxacum_officinale",0,0,0,0,1,0,0,0,0,0,0,0,0,1,0,0,0,1
"Scorzoneroides_pyrenaica",1,0,0,0,1,0,0,1,1,1,0,1,1,1,1,0,1,1
"Scorzoneroides_autumnalis",0,0,0,0,1,0,1,0,0,0,0,1,0,0,1,0,0,1
"Hypochaeris_maculata",0,0,0,0,1,0,0,0,0,0,0,0,0,0,0,0,0,0
"Hypochaeris_radicata",0,0,0,0,1,0,0,0,0,0,0,0,0,0,0,0,0,0
"Leontodon_crispus",0,0,0,0,1,0,0,0,0,0,0,0,0,0,0,0,0,0
"Leontodon_hispidus",0,0,0,0,1,0,0,0,0,0,0,0,0,0,1,0,0,1
"Taraxacum_alpinum",0,0,0,0,1,0,1,1,0,0,0,1,0,1,0,1,1,1
"Prenanthes_purpurea",0,0,0,0,1,0,0,0,0,0,0,0,0,0,0,0,0,0
"Lactuca_serriola",0,0,0,0,1,0,0,0,0,0,0,0,0,0,0,0,0,0
"Lactuca_perennis",0,0,0,0,1,0,0,0,0,0,0,0,0,0,0,0,0,0
"Lactuca_muralis",0,0,0,0,1,0,0,0,0,0,0,0,0,0,0,0,0,0
"Sonchus_arvensis",0,0,0,0,1,0,0,0,0,0,0,0,0,0,0,0,0,0
"Sonchus_oleraceus",0,0,0,0,1,0,0,0,0,0,0,0,0,0,0,0,0,0
"Chondrilla_juncea",0,0,0,0,1,0,0,0,0,0,0,0,0,0,0,0,0,0
"Hieracium_lachenalii",0,0,0,0,1,0,0,0,0,0,0,0,0,0,0,0,0,0
"Hieracium_murorum",0,0,0,0,1,0,0,0,0,0,0,0,0,0,0,0,0,0
"Hieracium_bifidum",0,0,0,0,1,0,0,0,0,0,0,0,0,0,0,0,0,0
"Hieracium_villosum",1,0,0,0,1,0,0,0,0,1,0,1,0,0,1,0,0,1
"Hieracium_sabaudum",0,0,0,0,1,0,0,0,0,0,0,0,0,0,0,0,0,0
"Hieracium_umbellatum",0,0,0,0,1,0,0,0,0,0,0,0,0,0,0,0,0,0
"Hieracium_alpinum",0,0,0,0,1,0,0,0,0,1,0,1,0,0,0,0,0,1
"Hieracium_antarcticum",0,0,0,0,1,0,0,0,0,0,0,1,0,0,1,0,1,1
"Hieracium_prenanthoides",0,0,0,0,1,0,0,0,0,0,0,0,0,0,0,0,0,0
"Pilosella_lactucella",0,0,0,0,1,0,0,0,0,0,0,0,0,0,0,0,0,0
"Pilosella_aurantiaca",0,0,0,0,1,0,0,0,0,0,0,0,0,0,0,0,0,0
"Pilosella_cymosa",0,0,0,0,1,0,0,0,0,0,0,0,0,0,0,0,0,0
"Pilosella_piloselloides",0,0,0,0,1,0,0,0,0,0,0,0,0,0,0,0,0,0
"Pilosella_officinarum",0,0,0,0,1,0,0,0,0,0,0,1,0,0,1,0,0,1
"Pilosella_peleteriana",0,0,0,0,1,0,0,0,0,0,0,1,0,0,0,0,1,1
"Hieracium_intybaceum",0,0,0,0,1,0,0,0,0,0,0,0,0,0,0,0,0,0
"Cichorium_intybus",0,0,0,0,1,0,0,0,0,0,0,0,0,0,0,0,0,0
"Tragopogon_pratensis",0,0,0,0,1,0,0,0,0,0,0,0,0,0,0,0,0,0
"Tragopogon_dubius",0,0,0,0,1,0,0,0,0,0,0,0,0,0,0,0,0,0
"Tragopogon_crocifolius",0,0,0,0,1,0,0,0,0,0,0,0,0,0,0,0,0,0
"Tragopogon_porrifolius",0,0,0,0,1,0,0,0,0,0,0,0,0,0,0,0,0,0
"Scorzonera_hispanica",0,0,0,0,1,0,0,0,0,0,0,0,0,0,0,0,0,0
"Scorzonera_austriaca",0,0,0,0,1,0,0,0,0,0,0,0,0,0,0,0,0,0
"Catananche_caerulea",0,0,0,0,1,0,0,0,0,0,0,0,0,0,0,0,0,0
"Centaurea_scabiosa",0,0,0,0,1,0,0,0,0,0,0,0,0,0,0,0,0,0
"Centaurea_jacea",0,0,0,0,1,0,0,0,0,0,0,0,0,0,0,0,0,0
"Centaurea_stoebe",0,0,0,0,1,0,0,0,0,0,0,0,0,0,0,0,0,0
"Centaurea_solstitialis",0,0,0,0,1,0,0,0,0,0,0,0,0,0,0,0,0,0
"Cyanus_segetum",0,0,0,0,1,0,0,0,0,0,0,0,0,0,0,0,0,0
"Cyanus_montanus",0,0,0,0,1,0,0,0,0,0,0,0,0,0,0,0,0,0
"Serratula_tinctoria",0,0,0,0,1,0,0,0,0,0,0,0,0,0,0,0,0,0
"Crupina_vulgaris",0,0,0,0,1,0,0,0,0,0,0,0,0,0,0,0,0,0
"Arctium_minus",0,0,0,0,1,0,0,0,0,0,0,0,0,0,0,0,0,0
"Saussurea_discolor",0,0,0,0,1,0,0,0,0,0,0,0,0,0,0,0,0,0
"Saussurea_alpina",0,0,0,0,1,0,1,0,0,0,0,1,0,0,0,0,0,1
"Carduus_nutans",0,0,0,0,1,0,0,0,0,0,0,0,0,0,0,0,0,0
"Carduus_tenuiflorus",0,0,0,0,1,0,0,0,0,0,0,0,0,0,0,0,0,0
"Carduus_defloratus",0,0,0,0,1,0,0,0,0,0,0,0,0,0,1,0,0,1
"Cirsium_vulgare",0,0,0,0,1,0,0,0,0,0,0,0,0,0,0,0,0,0
"Cirsium_monspessulanum",0,0,0,0,1,0,0,0,0,0,0,0,0,0,0,0,0,0
"Cirsium_eriophorum",0,0,0,0,1,0,0,0,0,0,0,0,0,0,0,0,0,0
"Cirsium_spinosissimum",0,0,0,0,1,0,1,0,0,1,0,1,1,1,1,1,1,1
"Cirsium_palustre",0,0,0,0,1,0,0,0,0,0,0,0,0,0,0,0,0,0
"Cirsium_acaulon",0,0,0,0,1,0,0,0,0,0,0,0,0,0,1,0,0,1
"Cirsium_arvense",0,0,0,0,1,0,0,0,0,0,0,0,0,0,0,0,0,0
"Berardia_lanuginosa",0,0,0,0,1,0,0,0,0,0,0,1,0,0,1,0,1,1
"Xeranthemum_inapertum",0,0,0,0,1,0,0,0,0,0,0,0,0,0,0,0,0,0
"Staehelina_dubia",0,0,0,0,1,0,0,0,0,0,0,0,0,0,0,0,0,0
"Carlina_biebersteinii",0,0,0,0,1,0,0,0,0,0,0,0,0,0,0,0,0,0
"Carlina_vulgaris",0,0,0,0,1,0,0,0,0,0,0,0,0,0,0,0,0,0
"Carlina_acaulis",0,0,0,0,1,0,0,0,0,0,0,0,0,0,1,0,0,1
"Carlina_acanthifolia",0,0,0,0,1,0,0,0,0,0,0,0,0,0,0,0,0,0
"Echinops_ritro",0,0,0,0,1,0,0,0,0,0,0,0,0,0,0,0,0,0
"Echinops_sphaerocephalus",0,0,0,0,1,0,0,0,0,0,0,0,0,0,0,0,0,0
"Phyteuma_spicatum",0,0,0,0,1,0,0,0,0,0,0,0,0,0,0,0,0,0
"Phyteuma_ovatum",0,0,0,0,1,0,0,0,0,0,0,0,0,0,0,0,0,0
"Phyteuma_scheuchzeri",0,0,0,0,1,0,0,0,0,0,0,0,0,0,0,0,0,0
"Campanula_persicifolia",0,0,0,0,1,0,0,0,0,0,0,0,0,0,0,0,0,0
"Campanula_rhomboidalis",0,0,0,0,1,0,0,0,0,0,0,1,0,0,1,0,0,1
"Campanula_rotundifolia",0,0,1,0,1,1,1,1,0,0,0,1,0,1,1,1,1,1
"Campanula_patula",0,0,0,0,1,0,0,0,0,0,0,0,0,0,0,0,0,0
"Campanula_latifolia",0,0,0,0,1,0,0,0,0,0,0,0,0,0,0,0,0,0
"Campanula_glomerata",0,0,0,0,1,0,0,0,0,0,0,0,0,0,0,0,0,0
"Campanula_rapunculoides",0,0,0,0,1,0,0,0,0,0,0,0,0,0,0,0,0,0
"Campanula_glomerata_subsp._glomerata",0,0,0,0,1,0,0,0,0,0,0,0,0,0,0,0,0,0
"Campanula_trachelium",0,0,0,0,1,0,0,0,0,0,0,0,0,0,0,0,0,0
"Jasione_montana",0,0,0,0,1,0,0,0,0,0,0,0,0,0,0,0,0,0
"Pteroselinum_austriacum",0,0,0,0,1,0,0,0,0,0,0,0,0,0,0,0,0,0
"Imperatoria_ostruthium",0,0,0,0,1,0,0,0,0,0,0,1,0,0,1,0,0,1
"Angelica_sylvestris",0,0,0,0,1,0,0,0,0,0,0,0,0,0,0,0,0,0
"Trinia_glauca",0,0,0,0,1,0,0,0,0,0,0,0,0,0,0,0,0,0
"Aethusa_cynapium",0,0,0,0,1,0,0,0,0,0,0,0,0,0,0,0,0,0
"Silaum_silaus",0,0,0,0,1,0,0,0,0,0,0,0,0,0,0,0,0,0
"Pimpinella_major",0,0,0,0,1,0,0,0,0,0,0,0,0,0,0,0,0,0
"Pimpinella_saxifraga",0,0,0,0,1,0,0,0,0,0,0,0,0,0,0,0,0,0
"Carum_carvi",0,0,0,0,1,0,0,0,0,0,0,0,0,0,0,0,0,0
"Aegopodium_podagraria",0,0,0,0,1,0,0,0,0,0,0,0,0,0,0,0,0,0
"Meum_athamanticum",0,0,0,0,1,0,0,0,0,0,0,0,0,0,0,0,0,0
"Bunium_bulbocastanum",0,0,0,0,1,0,0,0,0,0,0,0,0,0,0,0,0,0
"Laserpitium_gallicum",0,0,0,0,1,0,0,0,0,0,0,0,0,0,0,0,0,0
"Laserpitium_halleri",0,0,0,0,1,0,0,0,0,0,0,0,0,0,0,0,0,0
"Laserpitium_latifolium",0,0,0,0,1,0,0,0,0,0,0,0,0,0,0,0,0,0
"Daucus_carota",0,0,0,0,1,0,0,0,0,0,0,0,0,0,0,0,0,0
"Orlaya_grandiflora",0,0,0,0,1,0,0,0,0,0,0,0,0,0,0,0,0,0
"Laserpitium_siler",0,0,0,0,1,0,0,0,0,0,0,0,0,0,0,0,0,0
"Chaerophyllum_aureum",0,0,0,0,1,0,0,0,0,0,0,0,0,0,0,0,0,0
"Chaerophyllum_villarsii",0,0,0,0,1,0,0,0,0,0,0,0,0,0,0,0,0,0
"Chaerophyllum_temulum",0,0,0,0,1,0,0,0,0,0,0,0,0,0,0,0,0,0
"Anthriscus_sylvestris",0,0,0,0,1,0,0,0,0,0,0,0,0,0,0,0,0,0
"Athamanta_cretensis",0,0,0,0,1,0,0,0,0,1,0,1,0,0,1,0,0,1
"Torilis_japonica",0,0,0,0,1,0,0,0,0,0,0,0,0,0,0,0,0,0
"Caucalis_platycarpos",0,0,0,0,1,0,0,0,0,0,0,0,0,0,0,0,0,0
"Heracleum_sphondylium",0,0,0,0,1,0,0,0,0,0,0,0,0,0,0,0,0,0
"Pastinaca_sativa",0,0,0,0,1,0,0,0,0,0,0,0,0,0,0,0,0,0
"Oreoselinum_nigrum",0,0,0,0,1,0,0,0,0,0,0,0,0,0,0,0,0,0
"Pleurospermum_austriacum",0,0,0,0,1,0,0,0,0,0,0,0,0,0,0,0,0,0
"Bupleurum_ranunculoides",0,0,0,0,1,0,0,0,0,0,0,0,0,0,0,0,0,0
"Bupleurum_rotundifolium",0,0,0,0,1,0,0,0,0,0,0,0,0,0,0,0,0,0
"Bupleurum_stellatum",0,0,0,0,1,0,0,0,0,1,1,1,0,0,1,0,1,1
"Bupleurum_falcatum",0,0,0,0,1,0,0,0,0,0,0,0,0,0,0,0,0,0
"Eryngium_alpinum",0,0,0,0,1,0,0,0,0,0,0,0,0,0,1,0,0,1
"Eryngium_campestre",0,0,0,0,1,0,0,0,0,0,0,0,0,0,0,0,0,0
"Sanicula_europaea",0,0,0,0,1,0,0,0,0,0,0,0,0,0,0,0,0,0
"Astrantia_major_subsp._involucrata",0,0,0,0,1,0,0,0,1,0,0,0,0,0,0,0,0,1
"Hedera_helix",0,0,0,0,1,0,0,0,0,0,0,0,0,0,0,0,0,0
"Valeriana_tripteris",0,0,0,0,1,0,0,0,0,0,0,0,0,0,0,0,0,0
"Valeriana_montana",0,0,0,0,1,0,0,0,0,0,0,0,0,1,0,0,0,1
"Valeriana_saliunca",0,0,0,0,1,0,0,0,0,0,0,0,0,0,0,0,0,0
"Centranthus_calcitrapae",0,0,0,0,1,0,0,0,0,0,0,0,0,0,0,0,0,0
"Centranthus_angustifolius",0,0,0,0,1,0,0,0,0,0,0,0,0,0,0,0,0,0
"Valeriana_tuberosa",0,0,0,0,1,0,0,0,0,0,0,0,0,0,0,0,0,0
"Valeriana_dioica",0,0,0,0,1,0,0,0,0,0,0,0,0,0,0,0,0,0
"Valeriana_officinalis",0,0,0,0,1,0,0,0,0,0,0,0,0,0,0,0,0,0
"Valerianella_locusta",0,0,0,0,1,0,0,0,0,0,0,0,0,0,0,0,0,0
"Valerianella_dentata",0,0,0,0,1,0,0,0,0,0,0,0,0,0,0,0,0,0
"Scabiosa_triandra",0,0,0,0,1,0,0,0,0,0,0,0,0,0,0,0,0,0
"Scabiosa_lucida",0,0,0,0,1,0,0,0,0,0,0,0,0,0,1,0,0,1
"Scabiosa_columbaria",0,0,0,0,1,0,0,0,0,0,0,0,0,0,0,0,0,0
"Lomelosia_graminifolia",0,0,0,0,1,0,0,0,0,0,0,0,0,0,0,0,0,0
"Knautia_arvensis",0,0,0,0,1,0,0,0,0,0,0,0,0,0,0,0,0,0
"Knautia_dipsacifolia",0,0,0,0,1,0,0,0,0,0,0,0,0,0,0,0,0,0
"Succisa_pratensis",0,0,0,0,1,0,0,0,0,0,0,0,0,0,0,0,0,0
"Lonicera_xylosteum",0,0,0,0,1,0,0,0,0,0,0,0,0,0,0,0,0,0
"Lonicera_caerulea",0,0,0,0,1,0,0,0,0,0,0,0,0,0,0,0,0,0
"Lonicera_webbiana",0,0,0,0,1,0,0,0,0,0,0,0,0,0,0,0,0,0
"Lonicera_etrusca",0,0,0,0,1,0,0,0,0,0,0,0,0,0,0,0,0,0
"Lonicera_nigra",0,0,0,0,1,0,0,0,0,0,0,0,0,0,0,0,0,0
"Sambucus_racemosa",0,0,0,0,1,0,0,0,0,0,0,0,0,0,0,0,0,0
"Adoxa_moschatellina",0,0,0,0,1,0,0,0,0,0,0,0,0,0,0,0,0,0
"Sambucus_ebulus",0,0,0,0,1,0,0,0,0,0,0,0,0,0,0,0,0,0
"Sambucus_nigra",0,0,0,0,1,0,0,0,0,0,0,0,0,0,0,0,0,0
"Viburnum_opulus",0,0,0,0,1,0,0,0,0,0,0,0,0,0,0,0,0,0
"Viburnum_lantana",0,0,0,0,1,0,0,0,0,0,0,0,0,0,0,0,0,0
"Ilex_aquifolium",0,0,0,0,1,0,0,0,0,0,0,0,0,0,0,0,0,0
"Clinopodium_nepeta",0,0,0,0,1,0,0,0,0,0,0,0,0,0,0,0,0,0
"Clinopodium_vulgare",0,0,0,0,1,0,0,0,0,0,0,0,0,0,0,0,0,0
"Clinopodium_grandiflorum",0,0,0,0,1,0,0,0,0,0,0,0,0,0,0,0,0,0
"Clinopodium_acinos",0,0,0,0,1,0,0,0,0,0,0,0,0,0,0,0,0,0
"Clinopodium_alpinum",0,0,0,0,1,0,0,0,0,0,0,1,0,1,1,0,0,1
"Mentha_aquatica",0,0,0,0,1,0,0,0,0,0,0,0,0,0,0,0,0,0
"Mentha_arvensis",0,0,0,0,1,0,0,0,0,0,0,0,0,0,0,0,0,0
"Mentha_longifolia",0,0,0,0,1,0,0,0,0,0,0,0,0,0,0,0,0,0
"Thymus_praecox",0,0,0,0,1,1,0,0,0,0,0,1,0,1,1,0,1,1
"Thymus_pulegioides",0,0,0,0,1,0,0,0,0,0,0,0,0,0,0,0,0,0
"Thymus_serpyllum",0,0,0,0,1,0,1,1,0,1,0,1,0,0,0,1,0,1
"Origanum_vulgare",0,0,0,0,1,0,0,0,0,0,0,0,0,0,0,0,0,0
"Satureja_montana",0,0,0,0,1,0,0,0,0,0,0,0,0,0,0,0,0,0
"Salvia_pratensis",0,0,0,0,1,0,0,0,0,0,0,0,0,0,0,0,0,0
"Salvia_glutinosa",0,0,0,0,1,0,0,0,0,0,0,0,0,0,0,0,0,0
"Lycopus_europaeus",0,0,0,0,1,0,0,0,0,0,0,0,0,0,0,0,0,0
"Dracocephalum_ruyschiana",0,0,0,0,1,0,0,0,0,0,0,0,0,0,0,0,0,0
"Glechoma_hederacea",0,0,0,0,1,0,0,0,0,0,0,0,0,0,0,0,0,0
"Hyssopus_officinalis",0,0,0,0,1,0,0,0,0,0,0,0,0,0,0,0,0,0
"Prunella_grandiflora",0,0,0,0,1,0,0,0,0,0,0,0,0,0,0,0,0,0
"Prunella_vulgaris",0,0,0,0,1,0,0,0,0,0,0,0,0,0,0,0,0,0
"Lavandula_angustifolia",0,0,0,0,1,0,0,0,0,0,0,0,0,0,0,0,0,0
"Lamium_maculatum",0,0,0,0,1,0,0,0,0,0,0,0,0,0,0,0,0,0
"Lamium_purpureum",0,0,0,0,1,0,0,0,0,0,0,0,0,0,0,0,0,0
"Lamium_amplexicaule",0,0,0,0,1,0,0,0,0,0,0,0,0,0,0,0,0,0
"Lamium_garganicum",0,0,0,0,1,0,0,0,0,0,0,0,0,0,0,0,0,0
"Galeopsis_tetrahit",0,0,0,0,1,0,0,0,0,0,0,0,0,0,0,0,0,0
"Galeopsis_ladanum",0,0,0,0,1,0,0,0,0,0,0,0,0,0,0,0,0,0
"Stachys_recta",0,0,0,0,1,0,0,0,0,0,0,0,0,0,0,0,0,0
"Stachys_sylvatica",0,0,0,0,1,0,0,0,0,0,0,0,0,0,0,0,0,0
"Melittis_melissophyllum",0,0,0,0,1,0,0,0,0,0,0,0,0,0,0,0,0,0
"Betonica_officinalis",0,0,0,0,1,0,0,0,0,0,0,0,0,0,0,0,0,0
"Teucrium_chamaedrys",0,0,0,0,1,0,0,0,0,0,0,0,0,0,0,0,0,0
"Teucrium_scordium",0,0,0,0,1,0,0,0,0,0,0,0,0,0,0,0,0,0
"Teucrium_scorodonia",0,0,0,0,1,0,0,0,0,0,0,0,0,0,0,0,0,0
"Ajuga_reptans",0,0,0,0,1,0,0,0,0,0,0,0,0,0,0,0,0,0
"Ajuga_chamaepitys",0,0,0,0,1,0,0,0,0,0,0,0,0,0,0,0,0,0
"Pinguicula_alpina",0,0,0,0,1,0,0,0,0,0,0,0,0,0,0,0,0,0
"Pinguicula_vulgaris",0,0,0,0,1,0,0,0,0,0,0,1,0,0,0,0,1,1
"Euphrasia_stricta",0,0,1,0,1,0,0,0,0,0,0,0,0,0,0,0,0,1
"Euphrasia_pectinata",0,0,0,0,1,0,0,0,0,0,0,0,0,0,0,0,0,0
"Euphrasia_salisburgensis",0,0,0,0,1,0,1,0,0,0,0,1,0,0,1,0,0,1
"Euphrasia_alpina",0,0,0,0,1,0,0,0,0,1,0,1,0,0,0,0,0,1
"Euphrasia_minima",1,0,1,0,1,0,1,1,0,1,0,1,1,1,1,1,1,1
"Euphrasia_picta_subsp._kerneri",0,0,0,0,1,0,0,0,0,0,0,0,0,0,0,0,0,0
"Euphrasia_hirtella",0,0,0,0,1,0,0,0,0,0,0,0,0,0,0,0,0,0
"Macrosyringion_glutinosum",0,0,0,0,1,0,0,0,0,0,0,0,0,0,0,0,0,0
"Tozzia_alpina",0,0,0,0,1,0,0,0,0,0,0,0,0,0,0,0,0,0
"Bartsia_alpina",0,0,0,0,1,0,0,0,0,0,0,0,0,1,1,0,0,1
"Rhinanthus_glacialis",0,0,0,0,1,0,0,0,0,0,0,0,0,0,0,0,0,0
"Rhinanthus_minor",0,0,0,0,1,0,0,0,0,0,0,0,0,0,0,0,0,0
"Rhinanthus_alectorolophus",0,0,0,0,1,0,0,0,0,0,0,0,0,0,0,0,0,0
"Melampyrum_sylvaticum",0,0,0,0,1,0,0,0,0,0,0,0,0,0,0,0,0,0
"Orobanche_teucrii",0,0,0,0,1,0,0,0,0,0,0,0,0,0,0,0,0,0
"Orobanche_caryophyllacea",0,0,0,0,1,0,0,0,0,0,0,0,0,0,0,0,0,0
"Pedicularis_tuberosa",0,0,0,0,1,0,0,0,0,0,0,1,0,0,1,0,1,1
"Pedicularis_kerneri",1,0,1,0,1,0,0,0,1,1,0,1,0,1,0,1,0,1
"Pedicularis_foliosa",0,0,0,0,1,0,0,0,0,0,0,0,0,0,0,0,0,0
"Pedicularis_verticillata",0,0,0,0,1,0,1,0,0,0,0,1,0,0,0,0,0,1
"Verbena_officinalis",0,0,0,0,1,0,0,0,0,0,0,0,0,0,0,0,0,0
"Verbascum_nigrum",0,0,0,0,1,0,0,0,0,0,0,0,0,0,0,0,0,0
"Verbascum_chaixii",0,0,0,0,1,0,0,0,0,0,0,0,0,0,0,0,0,0
"Verbascum_pulverulentum",0,0,0,0,1,0,0,0,0,0,0,0,0,0,0,0,0,0
"Verbascum_thapsus",0,0,0,0,1,0,0,0,0,0,0,0,0,0,0,0,0,0
"Verbascum_lychnitis",0,0,0,0,1,0,0,0,0,0,0,0,0,0,0,0,0,0
"Scrophularia_nodosa",0,0,0,0,1,0,0,0,0,0,0,0,0,0,0,0,0,0
"Scrophularia_peregrina",0,0,0,0,1,0,0,0,0,0,0,0,0,0,0,0,0,0
"Scrophularia_canina",0,0,0,0,1,0,0,0,0,0,0,0,0,0,0,0,0,0
"Buddleja_davidii",0,0,0,0,1,0,0,0,0,0,0,0,0,0,0,0,0,0
"Veronica_persica",0,0,0,0,1,0,0,0,0,0,0,0,0,0,0,0,0,0
"Veronica_agrestis",0,0,0,0,1,0,0,0,0,0,0,0,0,0,0,0,0,0
"Veronica_austriaca",0,0,0,0,1,0,0,0,0,0,0,0,0,0,0,0,0,0
"Veronica_verna",0,0,0,0,1,0,0,0,0,0,0,0,0,0,0,0,0,0
"Veronica_chamaedrys",0,0,0,0,1,0,0,0,0,0,0,0,0,0,0,0,0,0
"Veronica_arvensis",0,0,0,0,1,0,0,0,0,0,0,0,0,0,0,0,0,0
"Veronica_hederifolia",0,0,0,0,1,0,0,0,0,0,0,0,0,0,0,0,0,0
"Veronica_fruticulosa",0,0,0,0,1,0,0,0,0,0,0,0,0,0,0,0,0,0
"Veronica_fruticans",0,0,0,0,1,0,0,1,1,0,0,1,0,1,1,0,1,1
"Veronica_triphyllos",0,0,0,0,1,0,0,0,0,0,0,0,0,0,0,0,0,0
"Veronica_allionii",0,0,0,0,1,0,0,0,0,0,0,0,0,1,0,0,0,1
"Veronica_officinalis",0,0,0,0,1,0,0,0,0,0,0,0,0,0,0,0,0,0
"Veronica_aphylla",0,0,0,0,1,0,1,0,0,0,0,1,0,0,0,0,0,1
"Veronica_alpina",1,0,1,1,1,1,1,1,1,1,0,1,1,1,1,1,0,1
"Veronica_bellidioides",1,0,0,0,1,0,0,0,0,0,1,1,0,0,1,0,0,1
"Veronica_urticifolia",0,0,0,0,1,0,0,0,0,0,0,0,0,0,0,0,0,0
"Veronica_spicata",0,0,0,0,1,0,0,0,0,0,0,0,0,0,0,0,0,0
"Veronica_anagallis-aquatica",0,0,0,0,1,0,0,0,0,0,0,0,0,0,0,0,0,0
"Veronica_beccabunga",0,0,0,0,1,0,0,0,0,0,0,0,0,0,0,0,0,0
"Veronica_serpyllifolia",0,0,0,0,1,0,1,0,0,0,0,1,0,0,0,0,0,1
"Plantago_media",0,0,0,0,1,0,0,0,0,0,0,0,0,0,0,0,0,0
"Plantago_major",0,0,0,0,1,0,0,0,0,0,0,0,0,0,0,0,0,0
"Plantago_holosteum",0,0,0,0,1,0,0,0,0,0,0,0,0,0,0,0,0,0
"Plantago_maritima",0,0,0,0,1,0,0,0,0,0,1,0,0,0,0,0,0,1
"Plantago_lanceolata",0,0,0,0,1,0,0,0,0,0,0,0,0,0,0,0,0,0
"Plantago_atrata",0,0,0,0,1,0,0,0,0,0,0,0,0,0,0,0,0,0
"Plantago_sempervirens",0,0,0,0,1,0,0,0,0,0,0,0,0,0,0,0,0,0
"Digitalis_lutea",0,0,0,0,1,0,0,0,0,0,0,0,0,0,0,0,0,0
"Digitalis_grandiflora",0,0,0,0,1,0,0,0,0,0,0,0,0,0,0,0,0,0
"Erinus_alpinus",0,0,0,0,1,0,0,0,0,0,0,0,0,0,1,0,0,1
"Globularia_cordifolia",0,0,0,0,1,0,0,0,0,0,0,1,0,1,1,0,0,1
"Linaria_simplex",0,0,0,0,1,0,0,0,0,0,0,0,0,0,0,0,0,0
"Linaria_alpina",1,1,1,1,1,1,1,1,1,1,0,1,0,1,1,1,1,1
"Linaria_repens",0,0,0,0,1,0,0,0,0,0,0,0,0,0,0,0,0,0
"Linaria_angustissima",0,0,0,0,1,0,0,0,0,0,0,0,0,0,0,0,0,0
"Antirrhinum_majus",0,0,0,0,1,0,0,0,0,0,0,0,0,0,0,0,0,0
"Chaenorrhinum_minus",0,0,0,0,1,0,0,0,0,0,0,0,0,0,0,0,0,0
"Fraxinus_excelsior",0,0,0,0,1,0,0,0,0,0,0,0,0,0,0,0,0,0
"Ligustrum_vulgare",0,0,0,0,1,0,0,0,0,0,0,0,0,0,0,0,0,0
"Myosotis_arvensis",0,0,0,0,1,0,0,0,0,0,0,0,0,0,0,0,0,0
"Myosotis_decumbens",0,0,0,0,1,0,1,0,0,0,0,1,0,0,0,0,0,1
"Myosotis_ramosissima",0,0,0,0,1,0,0,0,0,0,0,0,0,0,0,0,0,0
"Myosotis_stricta",0,0,0,0,1,0,0,0,0,0,0,0,0,0,0,0,0,0
"Myosotis_sylvatica",1,0,0,0,1,0,1,1,1,0,0,1,0,1,1,1,0,1
"Cynoglossum_officinale",0,0,0,0,1,0,0,0,0,0,0,0,0,0,0,0,0,0
"Lappula_squarrosa",0,0,0,0,1,0,0,0,0,0,0,0,0,0,0,0,0,0
"Eritrichium_nanum",1,1,0,1,1,1,1,0,0,1,1,1,1,0,1,1,1,1
"Asperugo_procumbens",0,0,0,0,1,0,0,0,0,0,0,0,0,0,0,0,0,0
"Buglossoides_incrassata",0,0,0,0,1,0,0,0,0,0,0,0,0,0,0,0,0,0
"Buglossoides_arvensis",0,0,0,0,1,0,0,0,0,0,0,0,0,0,0,0,0,0
"Lithospermum_officinale",0,0,0,0,1,0,0,0,0,0,0,0,0,0,0,0,0,0
"Cerinthe_minor",0,0,0,0,1,0,0,0,0,0,0,0,0,0,0,0,0,0
"Echium_vulgare",0,0,0,0,1,0,0,0,0,0,0,0,0,0,0,0,0,0
"Symphytum_officinale",0,0,0,0,1,0,0,0,0,0,0,0,0,0,0,0,0,0
"Symphytum_tuberosum",0,0,0,0,1,0,0,0,0,0,0,0,0,0,0,0,0,0
"Pulmonaria_angustifolia",0,0,0,0,1,0,0,0,0,0,0,0,0,0,0,0,0,0
"Hyoscyamus_niger",0,0,0,0,1,0,0,0,0,0,0,0,0,0,0,0,0,0
"Atropa_belladonna",0,0,0,0,1,0,0,0,0,0,0,0,0,0,0,0,0,0
"Solanum_dulcamara",0,0,0,0,1,0,0,0,0,0,0,0,0,0,0,0,0,0
"Pyrola_rotundifolia",0,0,0,0,1,0,0,0,0,0,0,0,0,0,0,0,0,0
"Pyrola_minor",0,0,0,0,1,0,0,0,0,0,0,0,0,0,0,0,0,0
"Pyrola_media",0,0,0,0,1,0,0,0,0,0,0,0,0,0,0,0,0,0
"Pyrola_chlorantha",0,0,0,0,1,0,0,0,0,0,0,0,0,0,0,0,0,0
"Moneses_uniflora",0,0,0,0,1,0,0,0,0,0,0,0,0,0,0,0,0,0
"Orthilia_secunda",0,0,0,0,1,0,0,0,0,0,0,0,0,0,0,0,0,0
"Monotropa_hypopitys",0,0,0,0,1,0,0,0,0,0,0,0,0,0,0,0,0,0
"Rhododendron_ferrugineum",0,0,0,0,1,0,0,0,0,1,0,1,1,0,1,0,1,1
"Empetrum_nigrum",0,0,0,0,1,0,0,0,0,1,0,1,0,0,0,0,0,1
"Calluna_vulgaris",0,0,0,0,1,0,0,0,0,0,0,0,0,0,0,0,0,0
"Vaccinium_myrtillus",0,0,0,0,1,0,1,0,0,1,1,1,0,1,1,0,1,1
"Vaccinium_vitis-idaea",0,0,0,0,1,0,0,0,0,0,0,0,0,0,0,0,0,0
"Vaccinium_uliginosum",0,0,1,0,1,0,1,0,1,1,1,1,0,1,1,0,1,1
"Impatiens_glandulifera",0,0,0,0,1,0,0,0,0,0,0,0,0,0,0,0,0,0
"Arctostaphylos_uva-ursi",0,0,0,0,1,0,0,0,0,0,0,0,0,0,0,0,0,0
"Primula_veris",0,0,0,0,1,0,0,0,0,0,0,0,0,0,0,0,0,0
"Primula_vulgaris",0,0,0,0,1,0,0,0,0,0,0,0,0,0,0,0,0,0
"Primula_elatior",0,0,0,0,1,0,0,0,0,0,0,0,0,0,0,0,0,0
"Primula_farinosa_subsp._alpigena",0,0,0,0,1,0,0,0,0,0,0,0,0,0,0,0,0,0
"Primula_hirsuta",0,0,0,0,1,0,1,0,1,1,0,1,0,1,1,0,1,1
"Primula_latifolia",0,0,0,0,1,0,0,0,0,0,0,0,0,0,0,0,0,0
"Primula_pedemontana",0,0,0,0,1,0,0,0,0,0,0,1,0,0,0,0,1,1
"Soldanella_alpina",0,0,0,0,1,0,1,0,0,1,0,1,1,0,0,0,1,1
"Lysimachia_vulgaris",0,0,0,0,1,0,0,0,0,0,0,0,0,0,0,0,0,0
"Androsace_obtusifolia",0,0,0,0,1,0,1,1,0,0,0,1,0,0,1,0,0,1
"Androsace_helvetica",0,0,0,0,1,0,0,0,0,0,0,0,0,0,0,0,0,0
"Androsace_vandellii",0,0,0,0,1,1,0,0,0,0,0,1,0,1,0,1,0,1
"Androsace_maxima",0,0,0,0,1,0,0,0,0,0,0,0,0,0,0,0,0,0
"Galium_corrudifolium",0,0,0,0,1,0,0,0,0,0,0,0,0,0,0,0,0,0
"Galium_lucidum",0,0,0,0,1,0,0,0,0,0,0,0,0,0,0,0,0,0
"Galium_sylvaticum",0,0,0,0,1,0,0,0,0,0,0,0,0,0,0,0,0,0
"Galium_verum",0,0,0,0,1,0,0,0,0,0,0,0,0,0,0,0,0,0
"Galium_mollugo",0,0,0,0,1,0,0,0,0,0,0,0,0,0,0,0,0,0
"Galium_aparine",0,0,0,0,1,0,0,0,0,0,0,0,0,0,0,0,0,0
"Galium_pumilum",0,0,0,0,1,0,0,0,0,0,0,1,0,0,1,0,0,1
"Galium_odoratum",0,0,0,0,1,0,0,0,0,0,0,0,0,0,0,0,0,0
"Cruciata_glabra",0,0,0,0,1,0,0,0,0,0,0,0,0,0,0,0,0,0
"Cruciata_laevipes",0,0,0,0,1,0,0,0,0,0,0,0,0,0,0,0,0,0
"Galium_boreale",0,0,0,0,1,0,0,0,0,0,0,0,0,0,0,0,0,0
"Galium_rotundifolium",0,0,0,0,1,0,0,0,0,0,0,0,0,0,0,0,0,0
"Galium_palustre",0,0,0,0,1,0,0,0,0,0,0,0,0,0,0,0,0,0
"Asperula_cynanchica",0,0,0,0,1,0,0,0,0,0,0,0,0,0,0,0,0,0
"Gentiana_verna",0,0,0,0,1,0,0,1,0,0,0,1,0,0,1,0,0,1
"Gentiana_nivalis",0,0,0,0,1,0,1,0,0,0,0,1,0,0,1,0,1,1
"Gentiana_acaulis",0,0,0,0,1,0,1,1,0,1,0,1,0,0,1,0,0,1
"Gentiana_cruciata",0,0,0,0,1,0,0,0,0,0,0,0,0,0,0,0,0,0
"Gentiana_pneumonanthe",0,0,0,0,1,0,0,0,0,0,0,0,0,0,0,0,0,0
"Gentianella_campestris",0,0,0,0,1,0,0,0,0,0,0,1,0,0,1,0,1,1
"Comastoma_tenellum",0,0,0,0,1,0,0,0,0,0,0,0,0,0,0,0,0,0
"Swertia_perennis",0,0,0,0,1,0,0,0,0,0,0,0,0,0,0,0,0,0
"Blackstonia_perfoliata",0,0,0,0,1,0,0,0,0,0,0,0,0,0,0,0,0,0
"Centaurium_erythraea",0,0,0,0,1,0,0,0,0,0,0,0,0,0,0,0,0,0
"Vincetoxicum_hirundinaria",0,0,0,0,1,0,0,0,0,0,0,0,0,0,0,0,0,0
"Vinca_minor",0,0,0,0,1,0,0,0,0,0,0,0,0,0,0,0,0,0
"Cuscuta_epilinum",0,0,0,0,1,0,0,0,0,0,0,0,0,0,0,0,0,0
"Cuscuta_epithymum",0,0,0,0,1,0,0,0,0,0,0,0,0,0,0,0,0,0
"Cuscuta_planiflora",0,0,0,0,1,0,0,0,0,0,0,0,0,0,0,0,0,0
"Cuscuta_europaea",0,0,0,0,1,0,0,0,0,0,0,0,0,0,0,0,0,0
"Convolvulus_sepium",0,0,0,0,1,0,0,0,0,0,0,0,0,0,0,0,0,0
"Convolvulus_arvensis",0,0,0,0,1,0,0,0,0,0,0,0,0,0,0,0,0,0
"Thesium_alpinum",0,0,0,0,1,0,0,0,0,0,0,0,0,0,0,0,0,0
"Thesium_humifusum",0,0,0,0,1,0,0,0,0,0,0,0,0,0,0,0,0,0
"Viscum_album",0,0,0,0,1,0,0,0,0,0,0,0,0,0,0,0,0,0
"Potentilla_aurea",0,0,0,0,1,0,0,1,0,0,0,1,1,0,0,0,0,1
"Potentilla_verna",0,0,0,0,1,0,0,0,0,0,0,0,0,0,0,0,0,0
"Potentilla_hirta",0,0,0,0,1,0,0,0,0,0,0,0,0,0,0,0,0,0
"Potentilla_inclinata",0,0,0,0,1,0,0,0,0,0,0,0,0,0,0,0,0,0
"Potentilla_thuringiaca",0,0,0,0,1,0,0,0,0,0,0,0,0,0,0,0,0,0
"Potentilla_grandiflora",0,0,0,0,1,0,0,0,0,1,0,1,0,1,1,0,1,1
"Potentilla_crantzii",0,0,0,0,1,0,1,0,0,0,0,1,0,1,1,0,1,1
"Potentilla_frigida",0,0,0,1,1,0,1,0,0,1,0,1,0,0,0,0,1,1
"Potentilla_argentea",0,0,0,0,1,0,0,0,0,0,0,0,0,0,0,0,0,0
"Potentilla_reptans",0,0,0,0,1,0,0,0,0,0,0,0,0,0,0,0,0,0
"Potentilla_erecta",0,0,0,0,1,0,0,0,0,0,0,0,0,0,0,0,0,0
"Potentilla_caulescens",0,0,0,0,1,0,0,0,0,0,0,0,0,0,0,0,0,0
"Geum_urbanum",0,0,0,0,1,0,0,0,0,0,0,0,0,1,1,0,0,1
"Geum_rivale",0,0,0,0,1,0,0,0,0,0,0,0,0,0,0,0,0,0
"Geum_reptans",1,0,1,0,1,1,1,1,1,0,0,1,0,1,1,1,1,1
"Alchemilla_saxatilis",0,0,0,0,1,0,0,0,0,0,0,0,0,0,0,0,0,0
"Alchemilla_transiens",0,0,0,0,1,0,0,0,0,0,0,1,0,1,0,0,1,1
"Alchemilla_alpina",0,0,0,0,1,1,1,0,0,1,0,1,1,1,1,1,1,1
"Alchemilla_pentaphyllea",0,0,0,0,1,0,0,0,0,1,0,1,1,0,1,0,1,1
"Alchemilla_glabra",0,0,0,0,1,0,1,0,0,0,0,1,0,0,0,0,1,1
"Alchemilla_xanthochlora",0,0,0,0,1,0,0,0,0,0,0,0,0,1,0,0,0,1
"Alchemilla_incisa",0,0,0,0,1,0,0,0,0,0,0,0,0,0,1,0,0,1
"Alchemilla_fissa",0,0,0,0,1,0,1,1,0,0,0,1,0,1,0,0,1,1
"Alchemilla_flabellata",1,0,0,0,1,0,1,1,0,0,0,1,0,1,0,0,1,1
"Alchemilla_plicata",0,0,0,0,1,0,0,0,0,0,0,0,0,0,0,0,0,0
"Alchemilla_glaucescens",0,0,0,0,1,0,1,0,0,0,0,1,0,1,1,0,0,1
"Sibbaldia_procumbens",1,0,0,0,1,0,0,1,0,1,0,1,1,1,1,1,1,1
"Drymocallis_rupestris",0,0,0,0,1,0,0,0,0,0,0,0,0,0,0,0,0,0
"Fragaria_vesca",0,0,0,0,1,0,0,0,0,0,0,0,0,0,0,0,0,0
"Rosa_agrestis",0,0,0,0,1,0,0,0,0,0,0,0,0,0,0,0,0,0
"Rosa_mollis",0,0,0,0,1,0,0,0,0,0,0,0,0,0,0,0,0,0
"Rosa_micrantha",0,0,0,0,1,0,0,0,0,0,0,0,0,0,0,0,0,0
"Rosa_rubiginosa",0,0,0,0,1,0,0,0,0,0,0,0,0,0,0,0,0,0
"Rosa_elliptica",0,0,0,0,1,0,0,0,0,0,0,0,0,0,0,0,0,0
"Rosa_canina",0,0,0,0,1,0,0,0,0,0,0,0,0,0,0,0,0,0
"Rosa_montana",0,0,0,0,1,0,0,0,0,0,0,0,0,0,0,0,0,0
"Rosa_spinosissima",0,0,0,0,1,0,0,0,0,0,0,0,0,0,0,0,0,0
"Rosa_pendulina",0,0,0,0,1,0,0,0,0,0,0,0,0,0,0,0,0,0
"Poterium_sanguisorba",0,0,0,0,1,0,0,0,0,0,0,0,0,0,0,0,0,0
"Sanguisorba_officinalis",0,0,0,0,1,0,0,0,0,0,0,0,0,0,0,0,0,0
"Agrimonia_eupatoria",0,0,0,0,1,0,0,0,0,0,0,0,0,0,0,0,0,0
"Rubus_ulmifolius",0,0,0,0,1,0,0,0,0,0,0,0,0,0,0,0,0,0
"Rubus_caesius",0,0,0,0,1,0,0,0,0,0,0,0,0,0,0,0,0,0
"Rubus_fruticosus",0,0,0,0,1,0,0,0,0,0,0,0,0,0,0,0,0,0
"Rubus_idaeus",0,0,0,0,1,0,0,0,0,0,0,1,0,1,0,0,0,1
"Rubus_saxatilis",0,0,0,0,1,0,0,0,0,0,0,0,0,1,0,0,0,1
"Filipendula_vulgaris",0,0,0,0,1,0,0,0,0,0,0,0,0,0,0,0,0,0
"Filipendula_ulmaria",0,0,0,0,1,0,0,0,0,0,0,0,0,0,0,0,0,0
"Pyrus_communis_subsp._pyraster",0,0,0,0,1,0,0,0,0,0,0,0,0,0,0,0,0,0
"Sorbus_domestica",0,0,0,0,1,0,0,0,0,0,0,0,0,0,0,0,0,0
"Cotoneaster_integerrimus",0,0,0,0,1,0,0,0,0,0,0,1,0,1,0,0,0,1
"Malus_sylvestris",0,0,0,0,1,0,0,0,0,0,0,0,0,0,0,0,0,0
"Malus_domestica",0,0,0,0,1,0,0,0,0,0,0,0,0,0,0,0,0,0
"Sorbus_aria",0,0,0,0,1,0,0,0,0,0,0,0,0,0,0,0,0,0
"Sorbus_chamaemespilus",0,0,0,0,1,0,0,0,0,0,0,0,0,0,0,0,0,0
"Sorbus_aucuparia",0,0,0,0,1,0,0,0,0,0,0,0,0,0,0,0,0,0
"Crataegus_laevigata",0,0,0,0,1,0,0,0,0,0,0,0,0,0,0,0,0,0
"Crataegus_monogyna",0,0,0,0,1,0,0,0,0,0,0,0,0,0,0,0,0,0
"Amelanchier_ovalis",0,0,0,0,1,0,0,0,0,0,0,0,0,0,0,0,0,0
"Prunus_domestica",0,0,0,0,1,0,0,0,0,0,0,0,0,0,0,0,0,0
"Prunus_spinosa",0,0,0,0,1,0,0,0,0,0,0,0,0,0,0,0,0,0
"Prunus_dulcis",0,0,0,0,1,0,0,0,0,0,0,0,0,0,0,0,0,0
"Prunus_avium",0,0,0,0,1,0,0,0,0,0,0,0,0,0,0,0,0,0
"Prunus_mahaleb",0,0,0,0,1,0,0,0,0,0,0,0,0,0,0,0,0,0
"Aruncus_dioicus",0,0,0,0,1,0,0,0,0,0,0,0,0,0,0,0,0,0
"Dryas_octopetala",0,0,1,0,1,0,0,1,0,0,0,1,0,0,0,0,0,1
"Rhamnus_cathartica",0,0,0,0,1,0,0,0,0,0,0,0,0,0,0,0,0,0
"Rhamnus_saxatilis",0,0,0,0,1,0,0,0,0,0,0,0,0,0,0,0,0,0
"Rhamnus_alpina",0,0,0,0,1,0,0,0,0,0,0,0,0,0,0,0,0,0
"Rhamnus_pumila",0,0,0,0,1,0,0,0,0,0,0,0,0,0,1,0,0,1
"Hippophae_rhamnoides",0,0,0,0,1,0,0,0,0,0,0,0,0,0,0,0,0,0
"Urtica_dioica",0,0,0,0,1,0,0,0,0,0,0,1,0,1,0,0,0,1
"Humulus_lupulus",0,0,0,0,1,0,0,0,0,0,0,0,0,0,0,0,0,0
"Lathyrus_linifolius",0,0,0,0,1,0,0,0,0,0,0,0,0,0,0,0,0,0
"Lathyrus_vernus",0,0,0,0,1,0,0,0,0,0,0,0,0,0,0,0,0,0
"Lathyrus_pratensis",0,0,0,0,1,0,0,0,0,0,0,0,0,0,0,0,0,0
"Lathyrus_latifolius",0,0,0,0,1,0,0,0,0,0,0,0,0,0,0,0,0,0
"Lathyrus_sylvestris",0,0,0,0,1,0,0,0,0,0,0,0,0,0,0,0,0,0
"Lathyrus_sphaericus",0,0,0,0,1,0,0,0,0,0,0,0,0,0,0,0,0,0
"Ervum_tetraspermum",0,0,0,0,1,0,0,0,0,0,0,0,0,0,0,0,0,0
"Vicia_sepium",0,0,0,0,1,0,0,0,0,0,0,0,0,0,0,0,0,0
"Vicia_sativa",0,0,0,0,1,0,0,0,0,0,0,0,0,0,0,0,0,0
"Vicia_hybrida",0,0,0,0,1,0,0,0,0,0,0,0,0,0,0,0,0,0
"Vicia_onobrychioides",0,0,0,0,1,0,0,0,0,0,0,0,0,0,0,0,0,0
"Vicia_cracca",0,0,0,0,1,0,0,0,0,0,0,0,0,0,0,0,0,0
"Vicia_tenuifolia",0,0,0,0,1,0,0,0,0,0,0,0,0,0,0,0,0,0
"Ervilia_sylvatica",0,0,0,0,1,0,0,0,0,0,0,0,0,0,0,0,0,0
"Vicia_hirsuta",0,0,0,0,1,0,0,0,0,0,0,0,0,0,0,0,0,0
"Trifolium_alpestre",0,0,0,0,1,0,0,0,0,0,0,0,0,0,0,0,0,0
"Trifolium_rubens",0,0,0,0,1,0,0,0,0,0,0,0,0,0,0,0,0,0
"Trifolium_medium",0,0,0,0,1,0,0,0,0,0,0,0,0,0,0,0,0,0
"Trifolium_pratense",0,0,0,0,1,0,0,1,0,0,0,1,0,1,1,0,0,1
"Trifolium_diffusum",0,0,0,0,1,0,0,0,0,0,0,0,0,0,0,0,0,0
"Trifolium_arvense",0,0,0,0,1,0,0,0,0,0,0,0,0,0,0,0,0,0
"Trifolium_angulatum",0,0,1,0,1,0,0,0,0,0,0,0,0,0,1,0,0,1
"Trifolium_repens",0,0,0,0,1,0,1,0,0,0,0,1,0,0,0,0,0,1
"Trifolium_thalii",0,0,1,0,1,0,1,1,0,1,0,1,0,1,1,0,1,1
"Trifolium_alpinum",0,0,0,0,1,0,0,0,0,1,1,1,0,1,1,0,1,1
"Trifolium_patens",0,0,0,0,1,0,0,0,0,0,0,0,0,0,0,0,0,0
"Medicago_lupulina",0,0,0,0,1,0,0,0,0,0,0,0,0,0,0,0,0,0
"Medicago_minima",0,0,0,0,1,0,0,0,0,0,0,0,0,0,0,0,0,0
"Medicago_sativa",0,0,0,0,1,0,0,0,0,0,0,0,0,0,0,0,0,0
"Medicago_monspeliaca",0,0,0,0,1,0,0,0,0,0,0,0,0,0,0,0,0,0
"Trigonella_officinalis",0,0,0,0,1,0,0,0,0,0,0,0,0,0,0,0,0,0
"Melilotus_albus",0,0,0,0,1,0,0,0,0,0,0,0,0,0,0,0,0,0
"Ononis_natrix",0,0,0,0,1,0,0,0,0,0,0,0,0,0,0,0,0,0
"Ononis_cristata",0,0,0,0,1,0,0,0,0,0,0,0,0,0,0,0,0,0
"Ononis_arvensis",0,0,0,0,1,0,0,0,0,0,0,0,0,0,0,0,0,0
"Ononis_pusilla",0,0,0,0,1,0,0,0,0,0,0,0,0,0,0,0,0,0
"Ononis_fruticosa",0,0,0,0,1,0,0,0,0,0,0,0,0,0,0,0,0,0
"Ononis_rotundifolia",0,0,0,0,1,0,0,0,0,0,0,0,0,0,0,0,0,0
"Astragalus_onobrychis",0,0,0,0,1,0,0,0,0,0,0,0,0,0,0,0,0,0
"Astragalus_vesicarius",0,0,0,0,1,0,0,0,0,0,0,0,0,0,0,0,0,0
"Astragalus_cicer",0,0,0,0,1,0,0,0,0,0,0,0,0,0,0,0,0,0
"Astragalus_danicus",0,0,0,0,1,0,0,0,0,0,0,0,0,0,0,0,0,0
"Astragalus_alpinus",0,0,0,0,1,0,1,1,0,0,0,1,0,0,1,0,0,1
"Astragalus_australis",0,0,0,0,1,0,1,0,0,0,0,1,0,0,1,0,0,1
"Astragalus_glycyphyllos",0,0,0,0,1,0,0,0,0,0,0,0,0,0,0,0,0,0
"Oxytropis_pilosa",0,0,0,0,1,0,0,0,0,0,0,0,0,0,0,0,0,0
"Oxytropis_campestris",0,0,1,0,1,0,1,1,0,0,0,1,0,0,1,0,0,1
"Colutea_arborescens",0,0,0,0,1,0,0,0,0,0,0,0,0,0,0,0,0,0
"Hedysarum_hedysaroides",0,0,0,0,1,0,0,0,0,0,0,0,0,0,0,0,0,0
"Onobrychis_viciifolia",0,0,0,0,1,0,0,0,0,0,0,0,0,0,0,0,0,0
"Lotus_corniculatus_subsp._delortii",0,0,0,0,1,0,0,0,0,0,0,0,0,0,0,0,0,0
"Lotus_corniculatus_subsp._alpinus",1,0,1,0,1,0,1,1,0,1,0,1,0,1,1,0,1,1
"Lotus_maritimus",0,0,0,0,1,0,0,0,0,0,0,0,0,0,0,0,0,0
"Dorycnium_pentaphyllum",0,0,0,0,1,0,0,0,0,0,0,0,0,0,0,0,0,0
"Lotus_corniculatus",0,0,0,0,1,0,0,0,0,0,0,0,0,0,0,0,0,0
"Anthyllis_vulneraria",0,0,0,0,1,0,0,0,0,0,0,0,0,0,0,0,0,0
"Anthyllis_montana",0,0,0,0,1,0,0,0,0,0,0,0,0,0,0,0,0,0
"Coronilla_vaginalis",0,0,0,0,1,0,0,0,0,0,0,0,0,0,0,0,0,0
"Coronilla_minima",0,0,0,0,1,0,0,0,0,0,0,0,0,0,0,0,0,0
"Coronilla_varia",0,0,0,0,1,0,0,0,0,0,0,0,0,0,0,0,0,0
"Hippocrepis_comosa",0,0,0,0,1,0,0,0,0,0,0,0,0,0,0,0,0,0
"Hippocrepis_emerus",0,0,0,0,1,0,0,0,0,0,0,0,0,0,0,0,0,0
"Cytisophyllum_sessilifolium",0,0,0,0,1,0,0,0,0,0,0,0,0,0,0,0,0,0
"Laburnum_anagyroides",0,0,0,0,1,0,0,0,0,0,0,0,0,0,0,0,0,0
"Genista_pilosa",0,0,0,0,1,0,0,0,0,0,0,0,0,0,0,0,0,0
"Genista_cinerea",0,0,0,0,1,0,0,0,0,0,0,0,0,0,0,0,0,0
"Salix_cinerea",0,0,0,0,1,0,0,0,0,0,0,0,0,0,0,0,0,0
"Salix_herbacea",1,0,0,0,1,0,1,1,1,1,0,1,1,1,1,1,1,1
"Salix_aurita",0,0,0,0,1,0,0,0,0,0,0,0,0,0,0,0,0,0
"Salix_daphnoides",0,0,0,0,1,0,0,0,0,0,0,0,0,0,0,0,0,0
"Salix_caprea",0,0,0,0,1,0,0,0,0,0,0,0,0,0,0,0,0,0
"Salix_repens",0,0,0,0,1,0,0,0,0,0,0,0,0,0,0,0,0,0
"Salix_hastata",0,0,0,0,1,1,0,0,0,0,0,1,0,1,0,0,0,1
"Salix_retusa",0,0,1,0,1,0,1,1,1,0,0,1,0,1,1,0,0,1
"Salix_myrsinifolia",0,0,0,0,1,0,0,0,0,0,0,0,0,0,0,0,0,0
"Salix_reticulata",0,0,0,0,1,0,1,1,0,0,0,1,0,1,0,0,0,1
"Salix_eleagnos",0,0,0,0,1,0,0,0,0,0,0,0,0,0,0,0,0,0
"Salix_purpurea",0,0,0,0,1,0,0,0,0,0,0,0,0,0,0,0,0,0
"Salix_triandra",0,0,0,0,1,0,0,0,0,0,0,0,0,0,0,0,0,0
"Salix_pentandra",0,0,0,0,1,0,0,0,0,0,0,0,0,0,0,0,0,0
"Salix_alba",0,0,0,0,1,0,0,0,0,0,0,0,0,0,0,0,0,0
"Salix_serpyllifolia",0,0,0,0,1,0,0,0,0,0,0,0,0,0,0,0,0,0
"Populus_alba",0,0,0,0,1,0,0,0,0,0,0,0,0,0,0,0,0,0
"Populus_nigra",0,0,0,0,1,0,0,0,0,0,0,0,0,0,0,0,0,0
"Populus_tremula",0,0,0,0,1,0,0,0,0,0,0,0,0,0,0,0,0,0
"Viola_pyrenaica",0,0,0,0,1,0,0,0,0,0,0,0,0,0,0,0,0,0
"Viola_suavis",0,0,0,0,1,0,0,0,0,0,0,0,0,0,0,0,0,0
"Viola_odorata",0,0,0,0,1,0,0,0,0,0,0,0,0,0,0,0,0,0
"Viola_hirta",0,0,0,0,1,0,0,0,0,0,0,0,0,0,0,0,0,0
"Viola_riviniana",0,0,0,0,1,0,0,0,0,0,0,0,0,0,0,0,0,0
"Viola_reichenbachiana",0,0,0,0,1,0,0,0,0,0,0,0,0,0,0,0,0,0
"Viola_mirabilis",0,0,0,0,1,0,0,0,0,0,0,0,0,0,0,0,0,0
"Viola_laricicola",0,0,0,0,1,0,0,0,0,0,0,0,0,0,0,0,0,0
"Viola_rupestris",0,0,0,0,1,0,0,0,0,0,0,0,0,1,0,0,0,1
"Viola_biflora",0,0,0,0,1,0,0,0,0,1,0,0,0,0,0,0,0,1
"Viola_palustris",0,0,0,0,1,0,0,0,0,0,0,0,0,0,0,0,0,0
"Viola_calcarata",0,0,0,0,1,0,1,0,0,0,0,1,0,0,1,0,1,1
"Viola_tricolor",0,0,0,0,1,0,0,0,0,0,0,0,0,0,0,0,0,0
"Hypericum_perforatum",0,0,0,0,1,0,0,0,0,0,0,0,0,0,0,0,0,0
"Hypericum_maculatum",0,0,0,0,1,0,0,0,0,0,0,0,0,0,0,0,0,0
"Hypericum_richeri",0,0,0,0,1,0,0,0,0,0,0,1,0,0,1,0,0,1
"Hypericum_montanum",0,0,0,0,1,0,0,0,0,0,0,0,0,0,0,0,0,0
"Hypericum_hirsutum",0,0,0,0,1,0,0,0,0,0,0,0,0,0,0,0,0,0
"Euphorbia_exigua",0,0,0,0,1,0,0,0,0,0,0,0,0,0,0,0,0,0
"Euphorbia_cyparissias",0,0,0,0,1,0,0,0,0,0,0,1,0,1,1,0,0,1
"Euphorbia_helioscopia",0,0,0,0,1,0,0,0,0,0,0,0,0,0,0,0,0,0
"Linum_suffruticosum",0,0,0,0,1,0,0,0,0,0,0,0,0,0,0,0,0,0
"Linum_usitatissimum_subsp._angustifolium",0,0,0,0,1,0,0,0,0,0,0,0,0,0,0,0,0,0
"Linum_catharticum",0,0,0,0,1,0,0,0,0,0,0,0,0,0,0,0,0,0
"Linum_alpinum",0,0,0,0,1,0,0,0,0,0,0,0,0,0,1,0,0,1
"Alnus_incana",0,0,0,0,1,0,0,0,0,0,0,0,0,0,0,0,0,0
"Alnus_glutinosa",0,0,0,0,1,0,0,0,0,0,0,0,0,0,0,0,0,0
"Alnus_alnobetula",0,0,0,0,1,0,0,0,0,0,0,0,0,0,0,0,0,0
"Betula_pendula",0,0,0,0,1,0,0,0,0,0,0,0,0,0,0,0,0,0
"Betula_pubescens",0,0,0,0,1,0,0,0,0,0,0,0,0,0,0,0,0,0
"Corylus_avellana",0,0,0,0,1,0,0,0,0,0,0,0,0,0,0,0,0,0
"Juglans_regia",0,0,0,0,1,0,0,0,0,0,0,0,0,0,0,0,0,0
"Juglans_nigra",0,0,0,0,1,0,0,0,0,0,0,0,0,0,0,0,0,0
"Quercus_robur",0,0,0,0,1,0,0,0,0,0,0,0,0,0,0,0,0,0
"Quercus_pyrenaica",0,0,0,0,1,0,0,0,0,0,0,0,0,0,0,0,0,0
"Quercus_petraea",0,0,0,0,1,0,0,0,0,0,0,0,0,0,0,0,0,0
"Fagus_sylvatica",0,0,0,0,1,0,0,0,0,0,0,0,0,0,0,0,0,0
"Polygala_vulgaris",0,0,0,0,1,0,0,0,0,0,0,0,0,0,0,0,0,0
"Polygala_calcarea",0,0,0,0,1,0,0,0,0,0,0,0,0,0,0,0,0,0
"Polygala_amarella",0,0,0,0,1,0,0,0,0,0,0,0,0,0,0,0,0,0
"Polygala_comosa",0,0,0,0,1,0,0,0,0,0,0,0,0,0,0,0,0,0
"Polygala_chamaebuxus",0,0,0,0,1,0,0,0,0,0,0,0,0,0,0,0,0,0
"Bryonia_cretica",0,0,0,0,1,0,0,0,0,0,0,0,0,0,0,0,0,0
"Euonymus_europaeus",0,0,0,0,1,0,0,0,0,0,0,0,0,0,0,0,0,0
"Euonymus_latifolius",0,0,0,0,1,0,0,0,0,0,0,0,0,0,0,0,0,0
"Parnassia_palustris",0,0,0,0,1,0,0,0,0,0,0,0,0,0,0,0,0,0
"Oxalis_acetosella",0,0,0,0,1,0,0,0,0,0,0,0,0,0,0,0,0,0
"Cardamine_resedifolia",0,0,0,1,1,1,0,0,0,1,0,1,1,1,1,1,0,1
"Cardamine_alpina",0,0,0,0,1,1,0,0,0,0,0,0,0,0,0,0,1,1
"Cardamine_heptaphylla",0,0,0,0,1,0,0,0,0,0,0,0,0,0,0,0,0,0
"Arabis_scabra",0,0,0,0,1,1,0,0,0,0,0,1,0,1,1,0,0,1
"Nasturtium_officinale",0,0,0,0,1,0,0,0,0,0,0,0,0,0,0,0,0,0
"Cardamine_impatiens",0,0,0,0,1,0,0,0,0,0,0,0,0,0,0,0,0,0
"Cardamine_flexuosa",0,0,0,0,1,0,0,0,0,0,0,0,0,0,0,0,0,0
"Cardamine_pentaphyllos",0,0,0,0,1,0,0,0,0,0,0,0,0,0,0,0,0,0
"Rorippa_amphibia",0,0,0,0,1,0,0,0,0,0,0,0,0,0,0,0,0,0
"Rorippa_sylvestris",0,0,0,0,1,0,0,0,0,0,0,0,0,0,0,0,0,0
"Rorippa_palustris",0,0,0,0,1,0,0,0,0,0,0,0,0,0,0,0,0,0
"Barbarea_intermedia",0,0,0,0,1,0,0,0,0,0,0,0,0,0,0,0,0,0
"Barbarea_vulgaris",0,0,0,0,1,0,0,0,0,0,0,0,0,0,0,0,0,0
"Camelina_microcarpa",0,0,0,0,1,0,0,0,0,0,0,0,0,0,0,0,0,0
"Capsella_bursa-pastoris",0,0,0,0,1,0,0,0,0,0,0,1,0,1,0,0,1,1
"Arabidopsis_thaliana",0,0,0,0,1,0,0,0,0,0,0,0,0,0,0,0,0,0
"Turritis_glabra",0,0,0,0,1,0,0,0,0,0,0,0,0,0,0,0,0,0
"Erysimum_rhaeticum",0,0,0,0,1,0,0,0,0,0,0,0,0,0,0,0,0,0
"Descurainia_sophia",0,0,0,0,1,0,0,0,0,0,0,0,0,0,0,0,0,0
"Descurainia_tanacetifolia",0,0,0,0,1,0,0,0,0,0,0,0,0,0,0,0,0,0
"Hornungia_alpina",1,0,0,1,1,1,1,1,0,1,0,1,0,1,1,1,0,1
"Lunaria_annua",0,0,0,0,1,0,0,0,0,0,0,0,0,0,0,0,0,0
"Lunaria_rediviva",0,0,0,0,1,0,0,0,0,0,0,0,0,0,0,0,0,0
"Biscutella_laevigata",0,0,0,0,1,0,0,0,0,0,0,0,0,0,0,0,0,0
"Bunias_orientalis",0,0,0,0,1,0,0,0,0,0,0,0,0,0,0,0,0,0
"Alyssum_alpestre",0,0,0,0,1,0,0,0,0,0,0,0,0,0,0,0,0,0
"Alyssoides_utriculata",0,0,0,0,1,0,0,0,0,0,0,0,0,0,0,0,0,0
"Alyssum_alyssoides",0,0,0,0,1,0,0,0,0,0,0,0,0,0,0,0,0,0
"Arabis_sagittata",0,0,0,0,1,0,0,0,0,0,0,0,0,0,0,0,0,0
"Arabis_ciliata_var._hirsuta",0,0,0,0,1,0,0,0,0,0,0,0,0,0,0,0,0,0
"Arabis_soyeri",0,0,0,0,1,0,0,0,0,0,0,0,0,0,0,0,0,0
"Arabis_ciliata",0,0,0,0,1,0,0,0,0,0,0,0,0,0,0,0,0,0
"Arabis_collina",0,0,0,0,1,0,0,0,0,0,0,0,0,0,0,0,0,0
"Draba_dubia",0,1,1,1,1,1,1,1,0,0,0,1,1,1,1,1,1,1
"Draba_fladnizensis",1,0,0,0,1,1,1,0,0,1,0,1,0,0,1,0,0,1
"Draba_siliquosa",0,0,0,0,1,0,0,0,0,1,0,1,0,0,0,0,0,1
"Draba_aizoides",0,0,0,0,1,0,1,1,0,0,0,1,0,0,1,0,0,1
"Draba_verna",0,0,0,0,1,0,0,0,0,0,0,0,0,0,0,0,0,0
"Arabis_nova",0,0,0,0,1,0,0,0,0,0,0,0,0,0,0,0,0,0
"Arabis_auriculata",0,0,0,0,1,0,0,0,0,0,0,0,0,0,0,0,0,0
"Arabis_caucasica",0,0,0,0,1,1,1,0,0,1,0,1,0,1,1,1,1,1
"Arabis_caerulea",0,0,0,0,1,0,0,0,0,0,0,0,0,0,0,0,0,0
"Pseudoturritis_turrita",0,0,0,0,1,0,0,0,0,0,0,0,0,0,0,0,0,0
"Thlaspi_arvense",0,0,0,0,1,0,0,0,0,0,0,0,0,0,0,0,0,0
"Alliaria_petiolata",0,0,0,0,1,0,0,0,0,0,0,0,0,0,0,0,0,0
"Sinapis_arvensis",0,0,0,0,1,0,0,0,0,0,0,0,0,0,0,0,0,0
"Erucastrum_nasturtiifolium",0,0,0,0,1,0,0,0,0,0,0,0,0,0,0,0,0,0
"Sinapis_alba",0,0,0,0,1,0,0,0,0,0,0,0,0,0,0,0,0,0
"Coincya_monensis",0,0,0,0,1,0,0,0,0,0,0,0,0,0,0,0,0,0
"Brassica_repanda",0,0,0,0,1,0,0,0,0,0,0,0,0,0,0,0,0,0
"Isatis_tinctoria",0,0,0,0,1,0,0,0,0,0,0,0,0,0,0,0,0,0
"Fourraea_alpina",0,0,0,0,1,0,0,0,0,0,0,0,0,0,0,0,0,0
"Noccaea_rotundifolia",0,0,0,0,1,0,1,1,0,0,0,1,0,0,1,0,1,1
"Noccaea_caerulescens",0,0,0,0,1,0,0,0,0,0,0,0,0,0,0,0,0,0
"Microthlaspi_perfoliatum",0,0,0,0,1,0,0,0,0,0,0,0,0,0,0,0,0,0
"Sisymbrium_austriacum",0,0,0,0,1,0,0,0,0,0,0,0,0,0,0,0,0,0
"Aethionema_saxatile",0,0,0,0,1,0,0,0,0,0,0,0,0,0,0,0,0,0
"Reseda_lutea",0,0,0,0,1,0,0,0,0,0,0,0,0,0,0,0,0,0
"Reseda_phyteuma",0,0,0,0,1,0,0,0,0,0,0,0,0,0,0,0,0,0
"Helianthemum_apenninum",0,0,0,0,1,0,0,0,0,0,0,0,0,0,0,0,0,0
"Helianthemum_nummularium",0,0,0,0,1,0,0,0,0,0,0,0,0,0,0,0,0,0
"Helianthemum_italicum",0,0,0,0,1,0,0,0,0,0,0,0,0,0,0,0,0,0
"Helianthemum_grandiflorum",0,0,0,0,1,0,0,0,0,0,0,0,0,0,0,0,0,0
"Fumana_procumbens",0,0,0,0,1,0,0,0,0,0,0,0,0,0,0,0,0,0
"Daphne_cneorum",0,0,0,0,1,0,0,0,0,0,0,0,0,0,0,0,0,0
"Daphne_mezereum",0,0,0,0,1,0,0,0,0,1,0,0,0,0,0,0,0,1
"Daphne_laureola",0,0,0,0,1,0,0,0,0,0,0,0,0,0,0,0,0,0
"Tilia_cordata",0,0,0,0,1,0,0,0,0,0,0,0,0,0,0,0,0,0
"Tilia_platyphyllos",0,0,0,0,1,0,0,0,0,0,0,0,0,0,0,0,0,0
"Malva_moschata",0,0,0,0,1,0,0,0,0,0,0,0,0,0,0,0,0,0
"Malva_alcea",0,0,0,0,1,0,0,0,0,0,0,0,0,0,0,0,0,0
"Epilobium_hirsutum",0,0,0,0,1,0,0,0,0,0,0,0,0,0,0,0,0,0
"Epilobium_anagallidifolium",0,0,0,0,1,0,1,1,0,1,0,1,1,1,1,1,0,1
"Epilobium_palustre",0,0,0,0,1,0,0,0,0,0,0,0,0,0,0,0,0,0
"Epilobium_parviflorum",0,0,0,0,1,0,0,0,0,0,0,0,0,0,0,0,0,0
"Epilobium_alsinifolium",0,0,0,0,1,0,0,0,0,0,0,0,0,1,1,0,0,1
"Epilobium_angustifolium",0,0,0,0,1,0,0,0,0,0,0,0,0,0,0,0,0,0
"Lythrum_salicaria",0,0,0,0,1,0,0,0,0,0,0,0,0,0,0,0,0,0
"Acer_monspessulanum",0,0,0,0,1,0,0,0,0,0,0,0,0,0,0,0,0,0
"Acer_opalus",0,0,0,0,1,0,0,0,0,0,0,0,0,0,0,0,0,0
"Acer_platanoides",0,0,0,0,1,0,0,0,0,0,0,0,0,0,0,0,0,0
"Acer_campestre",0,0,0,0,1,0,0,0,0,0,0,0,0,0,0,0,0,0
"Acer_pseudoplatanus",0,0,0,0,1,0,0,0,0,0,0,0,0,0,0,0,0,0
"Geranium_sylvaticum",0,0,0,0,1,0,0,0,0,0,0,0,0,1,1,0,0,1
"Geranium_sanguineum",0,0,0,0,1,0,0,0,0,0,0,0,0,0,0,0,0,0
"Geranium_nodosum",0,0,0,0,1,0,0,0,0,0,0,0,0,0,0,0,0,0
"Geranium_argenteum",0,0,0,0,1,0,0,0,0,0,0,0,0,0,0,0,0,0
"Geranium_pusillum",0,0,0,0,1,0,0,0,0,0,0,0,0,0,0,0,0,0
"Geranium_pyrenaicum",0,0,0,0,1,0,0,0,0,0,0,0,0,0,0,0,0,0
"Geranium_columbinum",0,0,0,0,1,0,0,0,0,0,0,0,0,0,0,0,0,0
"Geranium_phaeum",0,0,0,0,1,0,0,0,0,0,0,0,0,0,0,0,0,0
"Geranium_rotundifolium",0,0,0,0,1,0,0,0,0,0,0,0,0,0,0,0,0,0
"Geranium_lucidum",0,0,0,0,1,0,0,0,0,0,0,0,0,0,0,0,0,0
"Geranium_robertianum",0,0,0,0,1,0,0,0,0,0,0,0,0,0,0,0,0,0
"Erodium_cicutarium",0,0,0,0,1,0,0,0,0,0,0,0,0,0,0,0,0,0
"Silene_acaulis",1,1,1,1,1,1,1,1,1,1,1,1,1,1,1,1,1,1
"Silene_nutans",0,0,0,0,1,0,0,0,0,0,0,0,0,0,0,0,0,0
"Silene_italica",0,0,0,0,1,0,0,0,0,0,0,0,0,0,0,0,0,0
"Silene_saxifraga",0,0,0,0,1,0,0,0,0,0,0,0,0,0,0,0,0,0
"Silene_otites",0,0,0,0,1,0,0,0,0,0,0,0,0,0,0,0,0,0
"Atocion_rupestre",0,0,0,0,1,1,1,0,0,0,0,1,0,0,1,0,1,1
"Atocion_armeria",0,0,0,0,1,0,0,0,0,0,0,0,0,0,0,0,0,0
"Lychnis_flos-cuculi",0,0,0,0,1,0,0,0,0,0,0,0,0,0,0,0,0,0
"Lychnis_flos-jovis",0,0,0,0,1,0,0,0,0,0,0,0,0,0,0,0,0,0
"Silene_dioica",0,0,0,0,1,0,0,0,0,0,0,0,0,0,0,0,0,0
"Silene_vulgaris_subsp._vulgaris",0,0,0,0,1,0,0,0,0,0,0,0,0,0,0,0,0,0
"Silene_vulgaris",0,0,0,0,1,0,1,0,0,0,0,1,0,0,1,0,1,1
"Silene_baccifera",0,0,0,0,1,0,0,0,0,0,0,0,0,0,0,0,0,0
"Dianthus_pavonius",0,0,0,0,1,0,0,0,0,0,0,0,0,0,0,0,0,0
"Dianthus_hyssopifolius",0,0,0,0,1,0,0,0,0,0,0,0,0,0,0,0,0,0
"Dianthus_carthusianorum",0,0,0,0,1,0,0,0,0,0,0,0,0,0,0,0,0,0
"Dianthus_caryophyllus",0,0,0,0,1,0,0,0,0,0,0,0,0,0,0,0,0,0
"Dianthus_deltoides",0,0,0,0,1,0,0,0,0,0,0,0,0,0,0,0,0,0
"Petrorhagia_prolifera",0,0,0,0,1,0,0,0,0,0,0,0,0,0,0,0,0,0
"Petrorhagia_saxifraga",0,0,0,0,1,0,0,0,0,0,0,0,0,0,0,0,0,0
"Saponaria_ocymoides",0,0,0,0,1,0,0,0,0,0,0,0,0,0,0,0,0,0
"Saponaria_officinalis",0,0,0,0,1,0,0,0,0,0,0,0,0,0,0,0,0,0
"Gypsophila_repens",0,0,1,0,1,1,0,1,0,0,0,1,0,0,1,0,0,1
"Cerastium_arvense",1,0,0,0,1,0,1,0,0,0,0,1,0,1,1,0,1,1
"Cerastium_alpinum",0,0,0,0,1,0,1,0,0,0,0,1,0,0,1,1,0,1
"Cerastium_semidecandrum",0,0,0,0,1,0,0,0,0,0,0,0,0,0,0,0,0,0
"Cerastium_pumilum",0,0,0,0,1,0,0,0,0,0,0,0,0,0,0,0,0,0
"Cerastium_uniflorum",1,1,0,1,1,0,1,1,0,1,0,1,0,0,1,0,0,1
"Cerastium_fontanum",0,0,0,0,1,0,0,0,0,0,0,0,0,0,0,0,0,0
"Cerastium_latifolium",0,0,0,0,1,0,1,0,0,0,0,1,0,0,1,0,0,1
"Cerastium_cerastoides",0,0,0,0,1,0,1,1,0,0,0,1,0,0,1,0,0,1
"Holosteum_umbellatum",0,0,0,0,1,0,0,0,0,0,0,0,0,0,0,0,0,0
"Stellaria_media",0,0,0,0,1,0,0,0,0,0,0,0,0,0,0,0,0,0
"Stellaria_nemorum",0,0,0,0,1,0,0,0,0,0,0,0,0,0,0,0,0,0
"Stellaria_alsine",0,0,0,0,1,0,0,0,0,0,0,0,0,0,0,0,0,0
"Stellaria_graminea",0,0,0,0,1,0,0,0,0,0,0,0,0,0,0,0,0,0
"Stellaria_holostea",0,0,0,0,1,0,0,0,0,0,0,0,0,0,0,0,0,0
"Sagina_apetala",0,0,0,0,1,0,0,0,0,0,0,0,0,0,0,0,0,0
"Moehringia_trinervia",0,0,0,0,1,0,0,0,0,0,0,0,0,0,0,0,0,0
"Arenaria_serpyllifolia",0,0,0,0,1,0,0,0,0,0,0,0,0,0,0,0,0,0
"Minuartia_rupestris",0,0,0,0,1,0,0,0,0,0,0,0,0,0,0,0,0,0
"Minuartia_verna",1,0,1,0,1,1,1,1,0,0,0,1,1,0,1,0,1,1
"Sagina_procumbens",0,0,0,0,1,0,0,0,0,0,0,0,0,0,0,0,0,0
"Sagina_saginoides",0,0,0,0,1,0,0,0,1,0,0,1,0,0,0,1,0,1
"Scleranthus_perennis",0,0,0,0,1,0,0,0,0,0,0,0,0,0,0,0,0,0
"Scleranthus_annuus",0,0,0,0,1,0,0,0,0,0,0,0,0,0,0,0,0,0
"Minuartia_laricifolia",0,0,0,0,1,0,0,0,0,0,0,0,0,1,0,0,0,1
"Paronychia_kapela",0,0,0,0,1,0,0,0,0,0,0,0,0,0,0,0,0,0
"Herniaria_hirsuta",0,0,0,0,1,0,0,0,0,0,0,0,0,0,0,0,0,0
"Telephium_imperati",0,0,0,0,1,0,0,0,0,0,0,0,0,0,0,0,0,0
"Blitum_bonus-henricus",0,0,0,0,1,0,1,0,0,0,0,1,0,1,0,0,1,1
"Chenopodium_album",0,0,0,0,1,0,0,0,0,0,0,0,0,0,0,0,0,0
"Polycnemum_majus",0,0,0,0,1,0,0,0,0,0,0,0,0,0,0,0,0,0
"Armeria_alpina",0,0,0,0,1,0,1,1,0,1,0,1,0,0,1,0,0,1
"Armeria_arenaria",0,0,0,0,1,0,0,0,0,0,0,0,0,0,1,0,0,1
"Myricaria_germanica",0,0,0,0,1,0,0,0,0,0,0,0,0,0,0,0,0,0
"Drosera_rotundifolia",0,0,0,0,1,0,0,0,0,0,0,0,0,0,0,0,0,0
"Rumex_arifolius",0,0,0,0,1,0,0,0,0,0,0,0,0,0,0,0,0,0
"Rumex_acetosa",0,0,0,0,1,0,0,0,0,0,0,0,0,0,0,0,0,0
"Rumex_acetosella",0,0,0,0,1,0,0,0,0,0,0,0,0,0,0,0,0,0
"Rumex_crispus",0,0,0,0,1,0,0,0,0,0,0,0,0,0,0,0,0,0
"Rumex_obtusifolius",0,0,0,0,1,0,0,0,0,0,0,0,0,0,0,0,0,0
"Rumex_scutatus",0,0,0,0,1,0,1,0,0,0,0,1,0,0,1,0,0,1
"Oxyria_digyna",1,0,0,0,1,1,1,0,1,0,0,1,0,1,1,1,0,1
"Polygonum_aviculare",0,0,0,0,1,0,0,0,0,0,0,1,0,1,0,0,0,1
"Fallopia_convolvulus",0,0,0,0,1,0,0,0,0,0,0,0,0,0,0,0,0,0
"Reynoutria_japonica",0,0,0,0,1,0,0,0,0,0,0,0,0,0,0,0,0,0
"Persicaria_maculosa",0,0,0,0,1,0,0,0,0,0,0,0,0,0,0,0,0,0
"Persicaria_lapathifolia",0,0,0,0,1,0,0,0,0,0,0,0,0,0,0,0,0,0
"Persicaria_mitis",0,0,0,0,1,0,0,0,0,0,0,0,0,0,0,0,0,0
"Persicaria_amphibia",0,0,0,0,1,0,0,0,0,0,0,0,0,0,0,0,0,0
"Bistorta_vivipara",0,0,0,0,1,0,1,1,1,1,0,1,0,0,1,0,1,1
"Bistorta_officinalis",0,0,0,0,1,0,0,0,0,0,0,0,0,0,0,0,0,0
"Aconogonum_alpinum",0,0,0,0,1,0,0,0,0,0,0,0,0,0,0,0,0,0
"Saxifraga_biflora",0,0,0,0,1,0,1,0,0,0,0,1,0,0,0,0,0,1
"Saxifraga_oppositifolia",1,1,1,1,1,1,1,1,1,1,0,1,0,1,1,1,1,1
"Saxifraga_aizoides",0,0,1,0,1,1,1,0,1,0,0,1,0,1,1,1,1,1
"Saxifraga_cuneata",0,0,0,0,1,0,0,0,0,0,0,0,0,0,0,0,0,0
"Saxifraga_rotundifolia",0,0,0,0,1,0,0,0,0,0,0,0,0,0,0,0,0,0
"Saxifraga_fragilis",1,0,1,0,1,1,1,1,0,1,0,1,0,1,1,1,1,1
"Saxifraga_granulata",0,0,0,0,1,0,0,0,0,0,0,0,0,0,0,0,0,0
"Saxifraga_moschata",1,1,0,1,1,1,0,0,0,1,0,0,0,1,1,0,1,1
"Saxifraga_androsacea",0,0,0,0,1,0,1,1,0,0,0,1,0,0,0,0,0,1
"Chrysosplenium_alternifolium",0,0,0,0,1,0,0,0,0,0,0,0,0,0,0,0,0,0
"Micranthes_stellaris",0,0,0,0,1,1,0,0,0,0,0,0,0,1,0,0,0,1
"Ribes_alpinum",0,0,0,0,1,0,0,0,0,0,0,0,0,0,0,0,0,0
"Ribes_uva-crispa",0,0,0,0,1,0,0,0,0,0,0,0,0,0,0,0,0,0
"Sedum_album",0,0,0,0,1,0,0,0,0,0,0,0,0,0,0,0,0,0
"Sedum_dasyphyllum",0,0,0,0,1,0,0,0,0,0,0,0,0,0,0,0,0,0
"Sedum_acre",0,0,0,0,1,0,0,0,0,0,0,0,0,0,0,0,0,0
"Sedum_sediforme",0,0,0,0,1,0,0,0,0,0,0,0,0,0,0,0,0,0
"Sedum_rupestre",0,0,0,0,1,0,0,0,0,0,0,0,0,0,0,0,0,0
"Sedum_sexangulare",0,0,0,0,1,0,0,0,0,0,0,0,0,0,0,0,0,0
"Sempervivum_tectorum",0,0,0,0,1,0,0,0,0,0,0,0,0,0,0,0,0,0
"Hylotelephium_telephium",0,0,0,0,1,0,0,0,0,0,0,0,0,0,0,0,0,0
"Hylotelephium_maximum",0,0,0,0,1,0,0,0,0,0,0,0,0,0,0,0,0,0
"Hylotelephium_anacampseros",0,0,0,0,1,0,1,0,0,0,0,1,0,0,1,0,0,1
"Paeonia_officinalis",0,0,0,0,1,0,0,0,0,0,0,0,0,0,0,0,0,0
"Ranunculus_aduncus",0,0,0,0,1,0,0,0,0,0,0,0,0,0,0,0,0,0
"Ranunculus_montanus",0,0,0,0,1,0,0,0,0,1,0,1,0,0,1,0,0,1
"Ranunculus_tuberosus",0,0,0,0,1,0,0,0,0,0,0,0,0,0,0,0,0,0
"Ranunculus_bulbosus",0,0,0,0,1,0,0,0,0,0,0,0,0,0,0,0,0,0
"Ranunculus_polyanthemos",0,0,0,0,1,0,0,0,0,0,0,0,0,0,0,0,0,0
"Ranunculus_repens",0,0,0,0,1,0,0,0,0,0,0,0,0,0,0,0,0,0
"Ranunculus_acris",0,0,0,0,1,0,0,0,0,0,0,0,0,0,0,0,0,0
"Ranunculus_acris_subsp._friesianus",0,0,0,0,1,0,0,0,0,0,0,0,0,0,0,0,0,0
"Ranunculus_arvensis",0,0,0,0,1,0,0,0,0,0,0,0,0,0,0,0,0,0
"Ranunculus_seguieri",0,0,0,0,1,0,0,0,0,0,0,0,0,0,0,0,0,0
"Ranunculus_kuepferi",0,0,0,0,1,0,0,0,0,0,0,0,0,0,0,0,0,0
"Ranunculus_aconitifolius",0,0,0,0,1,0,0,0,0,0,0,0,0,0,0,0,0,0
"Ranunculus_platanifolius",0,0,0,0,1,0,0,0,0,0,0,0,0,0,0,0,0,0
"Ranunculus_gouanii",0,0,0,0,1,0,0,0,0,0,0,0,0,0,0,0,0,0
"Ranunculus_parnassifolius",0,0,0,0,1,0,0,0,0,0,0,0,0,0,1,0,0,1
"Ranunculus_gramineus",0,0,0,0,1,0,0,0,0,0,0,0,0,0,0,0,0,0
"Ranunculus_trichophyllus",0,0,0,0,1,0,0,0,0,0,0,0,0,0,0,0,0,0
"Ranunculus_auricomus",0,0,0,0,1,0,0,0,0,0,0,0,0,0,0,0,0,0
"Ranunculus_glacialis",1,1,1,1,1,1,1,1,1,1,1,1,0,1,1,1,0,1
"Callianthemum_coriandrifolium",0,0,0,0,1,0,1,0,0,0,0,1,0,0,0,0,0,1
"Anemone_narcissiflora",0,0,0,0,1,0,0,0,0,0,0,0,0,0,0,0,0,0
"Clematis_vitalba",0,0,0,0,1,0,0,0,0,0,0,0,0,0,0,0,0,0
"Anemone_hepatica",0,0,0,0,1,0,0,0,0,0,0,0,0,0,0,0,0,0
"Anemone_alpina",0,0,0,0,1,0,0,0,0,0,0,0,0,0,0,0,0,0
"Anemone_vernalis",0,0,0,0,1,0,0,1,0,0,0,1,0,0,0,0,0,1
"Anemone_halleri",0,0,0,0,1,0,0,0,0,0,0,0,0,0,0,0,0,0
"Helleborus_foetidus",0,0,0,0,1,0,0,0,0,0,0,0,0,0,0,0,0,0
"Actaea_spicata",0,0,0,0,1,0,0,0,0,0,0,0,0,0,0,0,0,0
"Caltha_palustris",0,0,0,0,1,0,0,0,0,0,0,0,0,0,0,0,0,0
"Adonis_aestivalis",0,0,0,0,1,0,0,0,0,0,0,0,0,0,0,0,0,0
"Trollius_europaeus",0,0,0,0,1,0,0,0,0,0,0,0,0,0,1,0,0,1
"Aconitum_anthora",0,0,0,0,1,0,0,0,0,0,0,0,0,0,0,0,0,0
"Aconitum_variegatum",0,0,0,0,1,0,0,0,0,0,0,0,0,0,0,0,0,0
"Delphinium_consolida",0,0,0,0,1,0,0,0,0,0,0,0,0,0,0,0,0,0
"Thalictrum_minus",0,0,0,0,1,0,0,0,0,0,0,0,0,0,0,0,0,0
"Thalictrum_simplex",0,0,0,0,1,0,0,0,0,0,0,0,0,0,0,0,0,0
"Thalictrum_aquilegiifolium",0,0,0,0,1,0,0,0,0,0,0,0,0,0,0,0,0,0
"Thalictrum_foetidum",0,0,0,0,1,0,0,0,0,0,0,0,0,0,0,0,0,0
"Aquilegia_vulgaris",0,0,0,0,1,0,0,0,0,0,0,0,0,0,0,0,0,0
"Berberis_vulgaris",0,0,0,0,1,0,0,0,0,0,0,0,0,0,0,0,0,0
"Papaver_alpinum",0,0,0,0,1,0,0,0,0,0,0,0,0,0,0,0,0,0
"Papaver_dubium",0,0,0,0,1,0,0,0,0,0,0,0,0,0,0,0,0,0
"Chelidonium_majus",0,0,0,0,1,0,0,0,0,0,0,0,0,0,0,0,0,0
"Corydalis_solida",0,0,0,0,1,0,0,0,0,0,0,0,0,0,0,0,0,0
"Buxus_sempervirens",0,0,0,0,1,0,0,0,0,0,0,0,0,0,0,0,0,0
"Asarum_europaeum",0,0,0,0,1,0,0,0,0,0,0,0,0,0,0,0,0,0
"Poa_nemoralis_var._glauca",0,0,0,0,1,0,0,0,0,0,0,0,0,0,0,0,0,0
"Poa_laxa",1,1,0,1,1,1,1,0,0,1,0,1,1,1,1,1,0,1
"Poa_nemoralis",0,0,0,0,1,0,0,0,0,0,0,0,0,0,1,0,0,1
"Poa_trivialis",0,0,0,0,1,0,0,0,0,0,0,0,0,0,0,0,0,0
"Poa_chaixii",0,0,0,0,1,0,0,0,0,0,0,0,0,0,0,0,0,0
"Poa_pratensis",0,0,0,0,1,0,0,0,0,0,0,0,0,0,0,0,0,0
"Poa_cenisia",0,0,0,0,1,1,1,0,0,0,0,1,1,1,1,0,0,1
"Poa_annua",0,0,0,0,1,0,0,0,0,0,0,1,0,1,0,0,0,1
"Poa_supina",0,0,0,0,1,0,1,0,0,0,0,1,0,0,1,0,0,1
"Poa_badensis",0,0,0,0,1,0,0,0,0,0,0,0,0,0,0,0,0,0
"Milium_effusum",0,0,0,0,1,0,0,0,0,0,0,0,0,0,0,0,0,0
"Phleum_alpinum",0,0,0,0,1,0,1,0,0,0,0,1,0,1,1,0,0,1
"Phleum_pratense",0,0,0,0,1,0,0,0,0,0,0,0,0,0,0,0,0,0
"Phleum_phleoides",0,0,0,0,1,0,0,0,0,0,0,0,0,0,0,0,0,0
"Alopecurus_myosuroides",0,0,0,0,1,0,0,0,0,0,0,0,0,0,0,0,0,0
"Avenula_pubescens",0,0,0,0,1,0,0,0,0,0,0,0,0,0,0,0,0,0
"Bellardiochloa_variegata",0,0,0,0,1,0,0,0,0,0,0,0,0,0,0,0,0,0
"Avenella_flexuosa",0,0,0,0,1,0,0,0,0,0,0,1,0,1,1,0,1,1
"Festuca_valesiaca",0,0,0,0,1,0,0,0,0,0,0,0,0,0,0,0,0,0
"Festuca_laevigata_subsp._laevigata",0,0,0,0,1,0,0,0,0,0,0,0,0,1,1,0,0,1
"Festuca_halleri",1,0,1,0,1,0,1,1,1,1,0,1,1,1,1,1,1,1
"Festuca_ovina",0,0,0,0,1,0,0,0,0,0,0,0,0,0,1,0,0,1
"Festuca_heterophylla",0,0,0,0,1,0,0,0,0,0,0,0,0,0,0,0,0,0
"Festuca_rubra",0,0,0,0,1,1,0,0,0,0,0,1,0,0,1,0,1,1
"Festuca_melanopsis",0,0,0,0,1,0,0,0,0,0,0,1,1,0,1,0,0,1
"Lolium_perenne",0,0,0,0,1,0,0,0,0,0,0,0,0,0,0,0,0,0
"Schedonorus_giganteus",0,0,0,0,1,0,0,0,0,0,0,0,0,0,0,0,0,0
"Schedonorus_pratensis",0,0,0,0,1,0,0,0,0,0,0,0,0,0,0,0,0,0
"Schedonorus_arundinaceus",0,0,0,0,1,0,0,0,0,0,0,0,0,0,0,0,0,0
"Drymochloa_sylvatica",0,0,0,0,1,0,0,0,0,0,0,0,0,0,0,0,0,0
"Cynosurus_cristatus",0,0,0,0,1,0,0,0,0,0,0,0,0,0,0,0,0,0
"Dactylis_glomerata",0,0,0,0,1,0,0,0,0,0,0,0,0,0,0,0,0,0
"Sesleria_caerulea",0,0,0,0,1,0,1,1,0,0,0,1,0,0,1,0,0,1
"Helictochloa_versicolor",0,0,0,0,1,0,1,1,1,0,0,1,0,0,1,0,0,1
"Helictochloa_pratensis",0,0,0,0,1,0,0,0,0,0,0,0,0,0,0,0,0,0
"Deschampsia_cespitosa",0,0,0,0,1,0,0,0,0,0,0,0,0,0,0,0,0,0
"Holcus_lanatus",0,0,0,0,1,0,0,0,0,0,0,0,0,0,0,0,0,0
"Koeleria_pyramidata",0,0,0,0,1,0,0,0,0,0,0,0,0,0,0,0,0,0
"Trisetum_spicatum_subsp._ovatipaniculatum",0,0,0,0,1,1,0,0,0,0,0,1,0,0,0,0,0,1
"Koeleria_vallesiana",0,0,0,0,1,0,0,0,0,0,0,0,0,0,0,0,0,0
"Trisetum_flavescens",0,0,0,0,1,0,0,0,0,0,0,1,0,1,0,0,0,1
"Helictotrichon_sempervirens",0,0,0,0,1,0,0,0,0,0,0,0,0,0,0,0,0,0
"Helictotrichon_sedenense",1,0,1,0,1,0,1,1,0,0,0,1,0,1,1,0,1,1
"Arrhenatherum_elatius",0,0,0,0,1,0,0,0,0,0,0,0,0,0,0,0,0,0
"Calamagrostis_varia",0,0,0,0,1,0,0,0,0,0,0,0,0,0,0,0,0,0
"Calamagrostis_epigejos",0,0,0,0,1,0,0,0,0,0,0,0,0,0,0,0,0,0
"Calamagrostis_phragmitoides",0,0,0,0,1,0,0,0,0,0,0,0,0,0,0,0,0,0
"Agrostis_stolonifera",0,0,0,0,1,0,0,0,0,0,0,0,0,0,0,0,0,0
"Agrostis_capillaris",0,0,0,0,1,0,0,0,0,0,0,0,0,1,0,0,0,1
"Calamagrostis_villosa",0,0,0,0,1,0,0,0,0,0,0,0,0,0,0,0,0,0
"Briza_media",0,0,0,0,1,0,0,0,0,0,0,0,0,0,0,0,0,0
"Anthoxanthum_odoratum",1,0,0,0,1,0,1,0,0,1,1,1,1,1,1,0,1,1
"Bromus_squarrosus",0,0,0,0,1,0,0,0,0,0,0,0,0,0,0,0,0,0
"Bromus_hordeaceus_subsp._thominei",0,0,0,0,1,0,0,0,0,0,0,0,0,0,0,0,0,0
"Anisantha_tectorum",0,0,0,0,1,0,0,0,0,0,0,0,0,0,0,0,0,0
"Anisantha_sterilis",0,0,0,0,1,0,0,0,0,0,0,0,0,0,0,0,0,0
"Bromopsis_erecta",0,0,0,0,1,0,0,0,0,0,0,0,0,0,0,0,0,0
"Bromopsis_benekenii",0,0,0,0,1,0,0,0,0,0,0,0,0,0,0,0,0,0
"Bromopsis_inermis",0,0,0,0,1,0,0,0,0,0,0,0,0,0,0,0,0,0
"Elymus_caninus",0,0,0,0,1,0,0,0,0,0,0,0,0,0,0,0,0,0
"Elytrigia_repens",0,0,0,0,1,0,0,0,0,0,0,0,0,0,0,0,0,0
"Hordeum_marinum",0,0,0,0,1,0,0,0,0,0,0,0,0,0,0,0,0,0
"Triticum_aestivum",0,0,0,0,1,0,0,0,0,0,0,0,0,0,0,0,0,0
"Triticum_turgidum_subsp._durum",0,0,0,0,1,0,0,0,0,0,0,0,0,0,0,0,0,0
"Elytrigia_intermedia",0,0,0,0,1,0,0,0,0,0,0,0,0,0,0,0,0,0
"Hordelymus_europaeus",0,0,0,0,1,0,0,0,0,0,0,0,0,0,0,0,0,0
"Phragmites_australis",0,0,0,0,1,0,0,0,0,0,0,0,0,0,0,0,0,0
"Molinia_caerulea",0,0,0,0,1,0,0,0,0,0,0,0,0,0,0,0,0,0
"Bothriochloa_ischaemum",0,0,0,0,1,0,0,0,0,0,0,0,0,0,0,0,0,0
"Setaria_italica_subsp._viridis",0,0,0,0,1,0,0,0,0,0,0,0,0,0,0,0,0,0
"Danthonia_decumbens",0,0,0,0,1,0,0,0,0,0,0,0,0,0,0,0,0,0
"Nardus_stricta",0,0,0,0,1,0,0,0,0,0,0,1,1,1,1,0,1,1
"Melica_nutans",0,0,0,0,1,0,0,0,0,0,0,0,0,0,0,0,0,0
"Melica_ciliata",0,0,0,0,1,0,0,0,0,0,0,0,0,0,0,0,0,0
"Melica_uniflora",0,0,0,0,1,0,0,0,0,0,0,0,0,0,0,0,0,0
"Glyceria_notata",0,0,0,0,1,0,0,0,0,0,0,0,0,0,0,0,0,0
"Glyceria_fluitans",0,0,0,0,1,0,0,0,0,0,0,0,0,0,0,0,0,0
"Brachypodium_pinnatum",0,0,0,0,1,0,0,0,0,0,0,0,0,0,0,0,0,0
"Brachypodium_rupestre",0,0,0,0,1,0,0,0,0,0,0,0,0,0,0,0,0,0
"Brachypodium_sylvaticum",0,0,0,0,1,0,0,0,0,0,0,0,0,0,0,0,0,0
"Stipa_pennata",0,0,0,0,1,0,0,0,0,0,0,0,0,0,0,0,0,0
"Stipa_capillata",0,0,0,0,1,0,0,0,0,0,0,0,0,0,0,0,0,0
"Achnatherum_calamagrostis",0,0,0,0,1,0,0,0,0,0,0,0,0,0,0,0,0,0
"Carex_planostachys",0,0,0,0,1,0,0,0,0,0,0,0,0,0,0,0,0,0
"Carex_hispida",0,0,0,0,1,0,0,0,0,0,0,0,0,0,0,0,0,0
"Carex_pallescens",0,0,0,0,1,0,0,0,0,0,0,0,0,0,0,0,0,0
"Carex_rostrata",0,0,0,0,1,0,0,0,0,0,0,0,0,0,0,0,0,0
"Carex_vesicaria",0,0,0,0,1,0,0,0,0,0,0,0,0,0,0,0,0,0
"Carex_hirta",0,0,0,0,1,0,0,0,0,0,0,0,0,0,0,0,0,0
"Carex_frigida",0,0,0,0,1,0,0,0,0,0,0,1,0,1,1,1,1,1
"Carex_viridula",0,0,0,0,1,0,0,0,0,0,0,0,0,0,0,0,0,0
"Carex_flava",0,0,0,0,1,0,0,0,0,0,0,0,0,0,0,0,0,0
"Carex_hostiana",0,0,0,0,1,0,0,0,0,0,0,0,0,0,0,0,0,0
"Carex_atrata",1,0,0,0,1,0,1,1,1,0,0,1,0,1,1,0,0,1
"Carex_humilis",0,0,0,0,1,0,0,0,0,0,0,0,0,0,0,0,0,0
"Carex_alba",0,0,0,0,1,0,0,0,0,0,0,0,0,0,0,0,0,0
"Carex_liparocarpos",0,0,0,0,1,0,0,0,0,0,0,0,0,0,0,0,0,0
"Carex_digitata",0,0,0,0,1,0,0,1,0,0,0,1,0,0,0,0,0,1
"Carex_flacca",0,0,0,0,1,0,0,0,0,0,0,0,0,0,0,0,0,0
"Carex_ferruginea",1,0,1,0,1,0,1,1,1,1,0,1,1,1,1,0,1,1
"Carex_nigra",0,0,0,0,1,0,0,0,0,0,0,0,0,0,0,0,0,0
"Carex_bicolor",0,0,0,0,1,0,0,0,0,0,0,0,0,1,0,0,0,1
"Carex_panicea",0,0,0,0,1,0,0,0,0,0,0,0,0,0,0,0,0,0
"Carex_spicata",0,0,0,0,1,0,0,0,0,0,0,0,0,0,0,0,0,0
"Carex_vulpina",0,0,0,0,1,0,0,0,0,0,0,0,0,0,0,0,0,0
"Carex_foetida",0,0,0,0,1,0,1,1,0,0,0,1,1,0,1,0,1,1
"Carex_davalliana",0,0,0,0,1,0,0,0,0,0,0,0,0,0,0,0,0,0
"Carex_macloviana",0,0,0,0,1,0,0,0,0,0,0,0,0,0,0,0,0,0
"Carex_rupestris",0,0,0,0,1,0,0,0,0,0,0,0,0,1,0,0,0,1
"Carex_myosuroides",0,0,0,0,1,0,1,1,0,0,0,1,0,0,1,0,0,1
"Trichophorum_alpinum",0,0,0,0,1,0,0,0,0,0,0,0,0,0,0,0,0,0
"Trichophorum_cespitosum",0,0,0,0,1,0,0,0,0,0,0,0,0,0,0,0,0,0
"Eriophorum_scheuchzeri",0,0,0,0,1,0,0,0,0,0,0,0,0,0,1,0,0,1
"Eriophorum_latifolium",0,0,0,0,1,0,0,0,0,0,0,0,0,0,0,0,0,0
"Eriophorum_angustifolium",0,0,0,0,1,0,0,0,0,0,0,0,0,0,0,0,0,0
"Scirpus_sylvaticus",0,0,0,0,1,0,0,0,0,0,0,0,0,0,0,0,0,0
"Blysmus_compressus",0,0,0,0,1,0,0,0,0,0,0,0,0,0,0,0,0,0
"Eleocharis_mamillata",0,0,0,0,1,0,0,0,0,0,0,0,0,0,0,0,0,0
"Eleocharis_uniglumis",0,0,0,0,1,0,0,0,0,0,0,0,0,0,0,0,0,0
"Eleocharis_palustris_subsp._palustris",0,0,0,0,1,0,0,0,0,0,0,0,0,0,0,0,0,0
"Eleocharis_quinqueflora",0,0,0,0,1,0,0,0,0,0,0,0,0,0,0,0,0,0
"Schoenus_nigricans",0,0,0,0,1,0,0,0,0,0,0,0,0,0,0,0,0,0
"Cladium_mariscus",0,0,0,0,1,0,0,0,0,0,0,0,0,0,0,0,0,0
"Juncus_compressus",0,0,0,0,1,0,0,0,0,0,0,0,0,0,0,0,0,0
"Juncus_arcticus",0,0,0,0,1,0,0,0,0,0,0,0,0,0,0,0,0,0
"Juncus_filiformis",0,0,0,0,1,0,0,0,0,0,0,0,0,0,0,0,0,0
"Juncus_bufonius",0,0,0,0,1,0,0,0,0,0,0,0,0,0,0,0,0,0
"Juncus_effusus",0,0,0,0,1,0,0,0,0,0,0,0,0,0,0,0,0,0
"Juncus_inflexus",0,0,0,0,1,0,0,0,0,0,0,0,0,0,0,0,0,0
"Juncus_alpinoarticulatus",0,0,0,0,1,0,0,0,0,0,0,0,0,0,0,0,0,0
"Juncus_articulatus",0,0,0,0,1,0,0,0,0,0,0,0,0,0,0,0,0,0
"Juncus_triglumis",0,0,0,0,1,0,0,0,0,0,0,1,0,0,0,0,1,1
"Juncus_trifidus",1,0,1,0,1,0,1,0,0,1,1,1,0,1,1,0,1,1
"Luzula_lutea",0,0,0,0,1,0,1,1,1,1,0,1,0,1,1,0,0,1
"Luzula_alpinopilosa",1,0,0,0,1,1,1,0,0,1,0,1,1,1,1,0,1,1
"Luzula_luzulina",0,0,0,0,1,0,0,0,0,0,0,0,0,0,0,0,0,0
"Luzula_nivea",0,0,0,0,1,0,0,0,0,0,0,0,0,0,0,0,0,0
"Luzula_sylvatica",0,0,0,0,1,0,0,0,1,0,0,0,0,0,0,0,0,1
"Luzula_spicata",1,0,1,1,1,0,1,0,0,1,1,1,1,1,1,1,1,1
"Luzula_campestris",0,0,0,0,1,0,0,0,0,0,0,0,0,0,1,0,0,1
"Luzula_sudetica",0,0,0,0,1,0,0,0,0,0,0,0,0,0,1,0,0,1
"Luzula_multiflora",0,0,0,0,1,0,0,0,0,0,0,0,0,0,0,0,0,0
"Sparganium_emersum",0,0,0,0,1,0,0,0,0,0,0,0,0,0,0,0,0,0
"Sparganium_angustifolium",0,0,0,0,1,0,0,0,0,0,0,0,0,0,0,0,0,0
"Sparganium_erectum",0,0,0,0,1,0,0,0,0,0,0,0,0,0,0,0,0,0
"Typha_latifolia",0,0,0,0,1,0,0,0,0,0,0,0,0,0,0,0,0,0
"Colchicum_alpinum",0,0,0,0,1,0,0,0,0,0,0,0,0,0,0,0,0,0
"Colchicum_autumnale",0,0,0,0,1,0,0,0,0,0,0,0,0,0,0,0,0,0
"Veratrum_album",0,0,0,0,1,0,0,0,0,0,0,0,0,0,0,0,0,0
"Paris_quadrifolia",0,0,0,0,1,0,0,0,0,0,0,0,0,0,0,0,0,0
"Dactylorhiza_majalis",0,0,0,0,1,0,0,0,0,0,0,0,0,0,0,0,0,0
"Dactylorhiza_maculata",0,0,0,0,1,0,0,0,0,0,0,0,0,0,0,0,0,0
"Dactylorhiza_fuchsii",0,0,0,0,1,0,0,0,0,0,0,0,0,0,0,0,0,0
"Dactylorhiza_sambucina",0,0,0,0,1,0,0,0,0,0,0,0,0,0,0,0,0,0
"Dactylorhiza_viridis",0,0,0,0,1,0,0,0,0,0,0,0,0,0,0,0,0,0
"Dactylorhiza_incarnata",0,0,0,0,1,0,0,0,0,0,0,0,0,0,0,0,0,0
"Gymnadenia_conopsea",0,0,0,0,1,0,0,0,0,0,0,0,0,0,0,0,0,0
"Gymnadenia_nigra",0,0,0,0,1,0,0,0,0,0,0,0,0,0,0,0,0,0
"Platanthera_chlorantha",0,0,0,0,1,0,0,0,0,0,0,0,0,0,0,0,0,0
"Pseudorchis_albida",0,0,0,0,1,0,0,0,0,0,0,0,0,0,0,0,0,0
"Orchis_militaris",0,0,0,0,1,0,0,0,0,0,0,0,0,0,0,0,0,0
"Orchis_purpurea",0,0,0,0,1,0,0,0,0,0,0,0,0,0,0,0,0,0
"Orchis_mascula",0,0,0,0,1,0,0,0,0,0,0,0,0,0,0,0,0,0
"Ophrys_fuciflora",0,0,0,0,1,0,0,0,0,0,0,0,0,0,0,0,0,0
"Ophrys_apifera",0,0,0,0,1,0,0,0,0,0,0,0,0,0,0,0,0,0
"Ophrys_insectifera",0,0,0,0,1,0,0,0,0,0,0,0,0,0,0,0,0,0
"Neotinea_ustulata",0,0,0,0,1,0,0,0,0,0,0,0,0,0,0,0,0,0
"Himantoglossum_hircinum",0,0,0,0,1,0,0,0,0,0,0,0,0,0,0,0,0,0
"Chamorchis_alpina",0,0,0,0,1,0,0,0,0,0,0,0,0,0,0,0,0,0
"Goodyera_repens",0,0,0,0,1,0,0,0,0,0,0,0,0,0,0,0,0,0
"Epipactis_helleborine",0,0,0,0,1,0,0,0,0,0,0,0,0,0,0,0,0,0
"Epipactis_atrorubens",0,0,0,0,1,0,0,0,0,0,0,0,0,0,0,0,0,0
"Epipactis_palustris",0,0,0,0,1,0,0,0,0,0,0,0,0,0,0,0,0,0
"Cephalanthera_damasonium",0,0,0,0,1,0,0,0,0,0,0,0,0,0,0,0,0,0
"Cephalanthera_longifolia",0,0,0,0,1,0,0,0,0,0,0,0,0,0,0,0,0,0
"Neottia_ovata",0,0,0,0,1,0,0,0,0,0,0,0,0,0,0,0,0,0
"Corallorhiza_trifida",0,0,0,0,1,0,0,0,0,0,0,0,0,0,0,0,0,0
"Epipogium_aphyllum",0,0,0,0,1,0,0,0,0,0,0,0,0,0,0,0,0,0
"Cypripedium_calceolus",0,0,0,0,1,0,0,0,0,0,0,0,0,0,0,0,0,0
"Muscari_neglectum",0,0,0,0,1,0,0,0,0,0,0,0,0,0,0,0,0,0
"Muscari_comosum",0,0,0,0,1,0,0,0,0,0,0,0,0,0,0,0,0,0
"Ornithogalum_umbellatum",0,0,0,0,1,0,0,0,0,0,0,0,0,0,0,0,0,0
"Crocus_flavus",0,0,0,0,1,0,0,0,0,0,0,0,0,0,0,0,0,0
"Anthericum_liliago",0,0,0,0,1,0,0,0,0,0,0,0,0,0,0,0,0,0
"Polygonatum_odoratum",0,0,0,0,1,0,0,0,0,0,0,0,0,0,0,0,0,0
"Polygonatum_verticillatum",0,0,0,0,1,0,0,0,0,0,0,0,0,0,0,0,0,0
"Convallaria_majalis",0,0,0,0,1,0,0,0,0,0,0,0,0,0,0,0,0,0
"Maianthemum_bifolium",0,0,0,0,1,0,0,0,0,0,0,0,0,0,0,0,0,0
"Asphodelus_albus",0,0,0,0,1,0,0,0,0,0,0,0,0,0,0,0,0,0
"Allium_ursinum",0,0,0,0,1,0,0,0,0,0,0,0,0,0,0,0,0,0
"Allium_victorialis",0,0,0,0,1,0,0,0,0,0,0,0,0,0,0,0,0,0
"Allium_lusitanicum",0,0,0,0,1,0,0,0,0,0,0,0,0,0,0,0,0,0
"Allium_schoenoprasum",0,0,0,0,1,0,0,0,0,0,0,0,0,0,0,0,0,0
"Allium_scorodoprasum",0,0,0,0,1,0,0,0,0,0,0,0,0,0,0,0,0,0
"Allium_strictum",0,0,0,0,1,0,0,0,0,0,0,0,0,0,0,0,0,0
"Allium_oleraceum",0,0,0,0,1,0,0,0,0,0,0,0,0,0,0,0,0,0
"Narcissus_poeticus",0,0,0,0,1,0,0,0,0,0,0,0,0,0,0,0,0,0
"Gagea_fragifera",0,0,0,0,1,0,0,0,0,0,0,0,0,0,0,0,0,0
"Gagea_nakaiana",0,0,0,0,1,0,0,0,0,0,0,0,0,0,0,0,0,0
"Tulipa_sylvestris",0,0,0,0,1,0,0,0,0,0,0,0,0,0,0,0,0,0
"Gagea_serotina",0,0,0,0,1,0,1,0,0,1,0,1,0,0,1,0,0,1
"Lilium_bulbiferum",0,0,0,0,1,0,0,0,0,0,0,0,0,0,0,0,0,0
"Lilium_martagon",0,0,0,0,1,0,0,0,0,0,0,0,0,0,0,0,0,0
"Streptopus_amplexifolius",0,0,0,0,1,0,0,0,0,0,0,0,0,0,0,0,0,0
"Dioscorea_communis",0,0,0,0,1,0,0,0,0,0,0,0,0,0,0,0,0,0
"Alisma_plantago-aquatica",0,0,0,0,1,0,0,0,0,0,0,0,0,0,0,0,0,0
"Potamogeton_alpinus",0,0,0,0,1,0,0,0,0,0,0,0,0,0,0,0,0,0
"Arum_maculatum",0,0,0,0,1,0,0,0,0,0,0,0,0,0,0,0,0,0
"Tofieldia_calyculata",0,0,0,0,1,0,0,0,0,0,0,0,0,0,0,0,0,0
"Pinus_sylvestris",0,0,0,0,1,0,0,0,0,0,0,0,0,0,0,0,0,0
"Pinus_nigra",0,0,0,0,1,0,0,0,0,0,0,0,0,0,0,0,0,0
"Pinus_mugo",0,0,0,0,1,0,0,0,0,0,0,0,0,0,0,0,0,0
"Picea_abies",0,0,0,0,1,0,0,0,0,0,0,0,0,0,0,0,0,0
"Larix_decidua",0,0,0,0,1,0,0,0,0,0,1,0,0,0,0,0,0,1
"Abies_alba",0,0,0,0,1,0,0,0,0,0,0,0,0,0,0,0,0,0
"Cedrus_atlantica",0,0,0,0,1,0,0,0,0,0,0,0,0,0,0,0,0,0
"Juniperus_communis",0,0,0,0,1,0,0,0,0,1,1,0,0,0,1,0,0,1
"Juniperus_sabina",0,0,0,0,1,0,0,0,0,0,0,0,0,1,0,0,0,1
"Taxus_baccata",0,0,0,0,1,0,0,0,0,0,0,0,0,0,0,0,0,0
